date,description,amount,category
2025-11-24,DUKE ENERGY store #399,-93.7,Utilities
2025-04-21,DISNEY+ store #826,-193.79,Entertainment
2025-02-18,NINTENDO,-123.27,Entertainment
2025-10-09,UBER,-121.97,Transport
2026-01-01,VERIZON store #608,-17.01,Utilities
2025-04-22,DUNKIN,-57.56,Dining
2025-08-30,DISNEY+,-113.03,Entertainment
2025-06-19,TRADER JOE'S store #674,-104.81,Groceries
2026-01-06,WALGREENS,-169.27,Health
2025-02-27,BEST BUY,-142.84,Shopping
2025-10-25,UBER EATS store #978,-38.93,Dining
2025-07-30,BEST BUY store #266,-95.63,Shopping
2026-01-09,APARTMENT RENT,-1494.31,Rent
2025-02-20,LYFT,-127.49,Transport
2026-01-21,DIRECT DEPOSIT store #461,3569.44,Income
2025-02-20,CITY ELECTRIC,-10.74,Utilities
2025-11-13,HOSPITAL,-16.74,Health
2026-01-05,H&M,-69.12,Shopping
2025-11-03,ALDI,-170.67,Groceries
2025-08-22,APARTMENT RENT,-1094.7,Rent
2025-12-02,POS PURCHASE WATER DEPT,-97.71,Utilities
2025-06-29,SPOTIFY store #545,-140.35,Entertainment
2026-01-23,NINTENDO store #113,-66.98,Entertainment
2025-04-22,WATER DEPT store #825,-125.09,Utilities
2025-11-21,DELTA,-184.23,Transport
2025-11-05,STEAM store #835,-155.54,Entertainment
2025-04-19,PAYROLL,3929.88,Income
2025-06-11,LEASING OFFICE store #327,-1040.26,Rent
2025-08-22,LYFT store #556,-185.86,Transport
2025-06-14,SALARY,2852.11,Income
2025-04-12,DENTIST store #991,-27.4,Health
2025-07-19,APARTMENT RENT,-1524.52,Rent
2025-10-30,PUBLIX,-9.08,Groceries
2026-01-31,ZARA,-34.89,Shopping
2025-08-16,ZARA store #425,-117.53,Shopping
2025-06-20,SOUTHWEST,-122.16,Transport
2025-04-21,MCDONALDS,-11.87,Dining
2025-05-16,SHELL,-146.56,Transport
2025-07-11,DIVIDEND,3178.5,Income
2025-06-24,WHOLE FOODS,-156.48,Groceries
2025-06-21,QUEST DIAGNOSTICS store #582,-185.64,Health
2025-07-19,DUKE ENERGY,-73.83,Utilities
2025-06-03,TRADER JOE'S,-141.17,Groceries
2025-05-14,LEASING OFFICE,-1731.7,Rent
2025-06-03,LEASING OFFICE,-1169.67,Rent
2026-02-07,APARTMENT RENT,-1015.62,Rent
2025-09-15,DOMINOS,-180.76,Dining
2025-02-11,TRADER JOE'S store #486,-163.93,Groceries
2025-05-22,PAYROLL store #998,3148.39,Income
2025-03-06,COMCAST store #877,-186.73,Utilities
2025-05-23,POS PURCHASE WALMART,-80.15,Groceries
2025-12-03,TRADER JOE'S store #907,-39.49,Groceries
2025-11-05,DISNEY+ store #900,-119.2,Entertainment
2026-01-19,PUBLIX,-85.2,Groceries
2025-08-10,BURGER KING,-7.13,Dining
2025-07-31,LYFT,-60.97,Transport
2025-07-19,APARTMENT RENT,-1818.03,Rent
2025-06-28,STARBUCKS,-98.14,Dining
2025-06-15,COMCAST,-155.81,Utilities
2025-11-26,DUKE ENERGY,-198.72,Utilities
2025-10-04,BEST BUY,-38.19,Shopping
2025-03-10,MORTGAGE,-1523.86,Rent
2025-03-15,MTA store #525,-164.39,Transport
2025-08-06,CHEVRON,-167.42,Transport
2025-12-15,SHELL store #357,-15.34,Transport
2026-02-03,UBER,-123.1,Transport
2025-02-25,SHELL store #590,-49.41,Transport
2025-09-08,REFUND,4962.55,Income
2026-01-22,UBER EATS,-126.49,Dining
2025-05-11,SALARY store #391,2221.7,Income
2025-09-24,DIVIDEND store #540,2275.38,Income
2025-04-22,WHOLE FOODS,-167.12,Groceries
2025-04-08,MORTGAGE,-1913.63,Rent
2025-12-15,NINTENDO,-68.24,Entertainment
2026-02-09,APPLE,-164.87,Shopping
2025-09-28,NETFLIX,-51.04,Entertainment
2025-04-12,MTA,-113.99,Transport
2025-07-19,LEASING OFFICE,-1689.57,Rent
2025-11-01,UNIQLO store #284,-149.13,Shopping
2025-04-12,DUNKIN store #567,-82.21,Dining
2025-08-07,LEASING OFFICE store #651,-1842.45,Rent
2025-05-12,STARBUCKS,-182.73,Dining
2025-11-07,SALARY,2369.39,Income
2025-08-11,PLAYSTATION,-92.96,Entertainment
2026-01-23,LEASING OFFICE,-1152.18,Rent
2025-07-04,WALGREENS,-15.09,Health
2025-08-26,VERIZON,-118.03,Utilities
2026-01-23,TRADER JOE'S,-187.02,Groceries
2025-04-07,PUBLIX,-37.97,Groceries
2025-02-18,PUBLIX,-31.37,Groceries
2026-02-04,APARTMENT RENT,-1277.11,Rent
2026-01-07,DUNKIN store #864,-114.27,Dining
2025-03-19,AT&T,-191.88,Utilities
2025-03-01,SPOTIFY,-126.38,Entertainment
2025-05-06,CINEMA,-180.41,Entertainment
2025-10-15,DOMINOS store #725,-175.01,Dining
2025-03-24,AMAZON,-139.01,Shopping
2026-02-06,UBER EATS,-57.8,Dining
2025-05-07,WATER DEPT store #799,-83.4,Utilities
2025-07-24,TACO BELL,-94.5,Dining
2025-07-30,DIRECT DEPOSIT,2206.5,Income
2025-12-22,LEASING OFFICE store #203,-1008.64,Rent
2025-07-12,CINEMA store #564,-137.54,Entertainment
2025-10-11,DUKE ENERGY,-186.55,Utilities
2025-02-22,WALGREENS,-134.74,Health
2025-06-10,DUNKIN store #340,-118.63,Dining
2025-06-08,DUNKIN store #434,-151.75,Dining
2025-03-20,ZARA,-46.94,Shopping
2025-10-02,MCDONALDS,-131.24,Dining
2025-02-11,APPLE,-7.62,Shopping
2026-01-09,DENTIST,-172.03,Health
2025-06-20,LEASING OFFICE,-1302.45,Rent
2025-07-05,LEASING OFFICE store #837,-1256.94,Rent
2026-02-02,PAYROLL,2394.84,Income
2026-02-03,SAFEWAY,-41.69,Groceries
2025-07-18,KROGER store #983,-5.93,Groceries
2025-03-07,APARTMENT RENT store #441,-1313.13,Rent
2025-11-02,NIKE,-20.51,Shopping
2025-04-09,POS PURCHASE LEASING OFFICE store #251,-1395.44,Rent
2025-10-08,DENTIST,-154.15,Health
2025-07-13,DIRECT DEPOSIT,2285.71,Income
2025-05-25,APPLE,-181.03,Shopping
2026-01-26,NETFLIX,-26.41,Entertainment
2026-01-24,SHELL store #406,-46.05,Transport
2025-11-19,UBER EATS,-100.38,Dining
2025-12-03,HOSPITAL,-43.51,Health
2025-08-17,SHELL,-161.8,Transport
2025-03-23,AMTRAK,-128.13,Transport
2025-03-17,NIKE,-127.8,Shopping
2025-05-17,EXXON store #748,-7.7,Transport
2025-10-02,POS PURCHASE DIVIDEND,2538.5,Income
2025-12-22,SALARY,2166.09,Income
2025-05-17,ZARA,-34.27,Shopping
2025-03-18,NETFLIX,-106.02,Entertainment
2025-07-07,PAYROLL store #127,2986.33,Income
2025-11-01,LEASING OFFICE,-1027.96,Rent
2025-05-15,NETFLIX,-116.15,Entertainment
2025-05-07,BP,-197.14,Transport
2025-12-10,MORTGAGE,-1357.72,Rent
2025-03-23,TRADER JOE'S,-64.03,Groceries
2026-01-03,HOSPITAL,-153.46,Health
2025-10-11,DIVIDEND store #811,4842.2,Income
2025-09-10,REFUND store #704,3523.52,Income
2025-07-13,WATER DEPT,-92.78,Utilities
2025-06-03,CVS,-114.59,Health
2025-07-03,CHIPOTLE,-124.24,Dining
2025-05-10,CITY ELECTRIC store #974,-27.85,Utilities
2025-04-21,SHELL,-122.04,Transport
2026-02-01,MCDONALDS store #665,-135.55,Dining
2025-04-30,BURGER KING,-183.9,Dining
2025-09-14,POS PURCHASE NIKE,-196.17,Shopping
2025-05-01,POS PURCHASE PUBLIX store #205,-143.83,Groceries
2025-10-11,WATER DEPT,-188.43,Utilities
2025-09-25,TARGET,-170.01,Shopping
2025-10-27,HULU,-111.16,Entertainment
2025-03-29,UNIQLO,-162.45,Shopping
2025-05-17,LEASING OFFICE store #989,-1363.65,Rent
2025-07-30,APARTMENT RENT,-1804.69,Rent
2025-05-12,SPOTIFY,-114.3,Entertainment
2026-01-15,MCDONALDS,-31.02,Dining
2025-03-20,SUBWAY,-5.51,Dining
2025-10-13,STEAM,-89.34,Entertainment
2025-12-02,DELTA,-46.8,Transport
2025-05-03,WATER DEPT,-43.54,Utilities
2025-09-15,POS PURCHASE APARTMENT RENT,-1777.09,Rent
2025-02-24,APARTMENT RENT,-1722.97,Rent
2025-03-13,TRADER JOE'S store #627,-149.59,Groceries
2025-03-08,MCDONALDS,-81.24,Dining
2025-08-11,DUNKIN,-121.35,Dining
2026-01-29,COMCAST,-74.19,Utilities
2026-01-28,PAYROLL,3703.58,Income
2025-09-28,POS PURCHASE DIVIDEND,2218.46,Income
2025-07-13,APPLE store #511,-75.18,Shopping
2025-06-20,WEGMANS,-38.07,Groceries
2025-08-10,MORTGAGE store #943,-1827.7,Rent
2025-12-19,DENTIST store #281,-175.69,Health
2025-07-18,SALARY,2079.81,Income
2025-07-18,AMAZON,-5.49,Shopping
2025-02-28,REFUND store #720,3008.56,Income
2026-01-03,PLAYSTATION,-176.44,Entertainment
2025-09-17,UNIQLO,-45.74,Shopping
2025-09-13,WATER DEPT,-185.38,Utilities
2025-07-03,PAYROLL,4527.88,Income
2025-03-24,UBER,-188.57,Transport
2025-11-01,CHIPOTLE store #528,-103.43,Dining
2025-09-26,ZARA,-182.51,Shopping
2025-03-15,DIRECT DEPOSIT store #559,3847.79,Income
2025-12-18,CHEVRON,-178.32,Transport
2025-10-02,STEAM,-63.17,Entertainment
2025-02-16,LEASING OFFICE,-1186.68,Rent
2025-10-27,CVS,-153.64,Health
2025-09-03,DENTIST,-14.4,Health
2025-09-18,WEGMANS,-188.58,Groceries
2025-06-23,DOCTOR,-141.43,Health
2025-06-03,CHEVRON,-110.56,Transport
2025-07-18,APPLE,-143.0,Shopping
2025-12-15,HOSPITAL,-196.83,Health
2026-01-15,REFUND store #914,2083.96,Income
2025-10-29,VERIZON store #790,-199.1,Utilities
2025-04-18,BP,-69.95,Transport
2025-07-20,DIRECT DEPOSIT store #719,2131.24,Income
2025-11-02,REFUND,3903.11,Income
2025-07-08,ALDI,-82.04,Groceries
2025-08-14,COMCAST,-123.62,Utilities
2026-01-03,SPOTIFY,-50.48,Entertainment
2025-04-05,DOORDASH store #904,-150.28,Dining
2025-07-07,DUNKIN store #651,-17.51,Dining
2025-02-13,POS PURCHASE AT&T,-132.4,Utilities
2025-12-26,CHEVRON,-146.67,Transport
2026-01-26,DISNEY+,-109.09,Entertainment
2025-10-07,POS PURCHASE WHOLE FOODS,-151.34,Groceries
2026-02-03,POS PURCHASE DUKE ENERGY,-155.04,Utilities
2025-02-18,CINEMA store #408,-61.65,Entertainment
2025-03-08,LEASING OFFICE store #619,-1018.14,Rent
2025-04-15,POS PURCHASE SALARY,4142.78,Income
2026-01-04,WATER DEPT store #606,-138.5,Utilities
2025-12-05,POS PURCHASE LEASING OFFICE,-1242.03,Rent
2025-12-14,DUKE ENERGY,-186.56,Utilities
2025-11-09,CVS,-145.45,Health
2025-03-03,SPOTIFY,-90.73,Entertainment
2025-05-27,VERIZON store #390,-176.95,Utilities
2025-09-15,PAYROLL store #927,4073.26,Income
2025-08-13,CITY ELECTRIC store #409,-120.54,Utilities
2025-06-17,PAYROLL store #288,3602.78,Income
2025-03-06,LEASING OFFICE store #515,-1131.89,Rent
2025-08-13,LYFT,-50.99,Transport
2025-02-10,SALARY,2491.5,Income
2025-10-27,APARTMENT RENT,-1467.08,Rent
2025-11-19,HOSPITAL store #482,-189.38,Health
2025-09-01,REFUND,3715.06,Income
2025-11-13,WATER DEPT,-195.83,Utilities
2025-11-12,CINEMA,-198.74,Entertainment
2025-05-26,WEGMANS store #133,-178.4,Groceries
2025-04-12,PAYROLL,4926.22,Income
2025-04-08,POS PURCHASE COMCAST,-38.3,Utilities
2025-12-01,DISNEY+,-199.05,Entertainment
2025-06-22,SALARY,2351.45,Income
2025-11-06,SAFEWAY store #955,-45.55,Groceries
2026-02-03,AMAZON,-34.17,Shopping
2025-07-17,DISNEY+,-168.81,Entertainment
2025-04-29,WATER DEPT store #243,-7.03,Utilities
2025-09-13,STARBUCKS,-156.84,Dining
2025-02-27,TACO BELL,-84.5,Dining
2025-11-05,POS PURCHASE SHELL store #952,-112.42,Transport
2025-08-28,EXXON,-26.26,Transport
2025-08-12,UNIQLO,-41.73,Shopping
2025-03-27,POS PURCHASE EXXON,-190.64,Transport
2025-10-12,DIVIDEND,4373.08,Income
2025-09-13,AMAZON,-34.12,Shopping
2025-04-24,APARTMENT RENT store #174,-1034.12,Rent
2025-05-08,H&M,-78.05,Shopping
2025-12-24,DOCTOR,-35.29,Health
2025-08-11,WALMART,-107.41,Groceries
2025-10-01,POS PURCHASE LYFT,-134.04,Transport
2025-03-13,AMAZON,-99.62,Shopping
2025-05-07,DIVIDEND,3289.07,Income
2025-03-24,BURGER KING store #256,-125.83,Dining
2026-01-13,DUKE ENERGY,-45.42,Utilities
2025-09-22,STARBUCKS,-84.41,Dining
2025-07-13,MORTGAGE,-1523.42,Rent
2025-02-16,PLAYSTATION store #307,-32.8,Entertainment
2025-10-09,SPOTIFY store #173,-145.45,Entertainment
2025-04-10,HULU store #469,-94.83,Entertainment
2025-06-19,SPOTIFY store #700,-60.07,Entertainment
2025-04-13,CINEMA,-105.77,Entertainment
2025-11-22,UBER EATS store #577,-144.02,Dining
2025-09-21,SAFEWAY,-15.57,Groceries
2025-07-14,POS PURCHASE LEASING OFFICE,-1197.87,Rent
2026-01-21,DIVIDEND,3029.87,Income
2025-11-24,CHEVRON,-29.58,Transport
2025-08-06,QUEST DIAGNOSTICS store #306,-138.38,Health
2025-11-16,NETFLIX store #761,-100.56,Entertainment
2025-04-30,DIRECT DEPOSIT,3869.81,Income
2025-10-13,VERIZON store #935,-91.49,Utilities
2025-06-24,APPLE,-39.71,Shopping
2026-01-23,PUBLIX,-111.41,Groceries
2025-07-23,CVS,-87.14,Health
2025-06-19,ZARA store #949,-106.11,Shopping
2025-05-14,POS PURCHASE EXXON,-89.93,Transport
2025-10-10,DOORDASH store #723,-9.5,Dining
2026-02-02,UBER EATS,-70.26,Dining
2026-01-31,SHELL store #695,-65.87,Transport
2025-08-23,AMAZON,-61.6,Shopping
2025-03-09,POS PURCHASE WHOLE FOODS,-198.25,Groceries
2025-04-02,UBER EATS,-79.6,Dining
2025-08-20,SOUTHWEST,-124.67,Transport
2025-02-27,ZARA,-102.02,Shopping
2025-09-30,MORTGAGE store #627,-1877.73,Rent
2025-12-27,POS PURCHASE AT&T,-36.49,Utilities
2025-10-05,LYFT,-155.64,Transport
2025-12-21,APARTMENT RENT,-1065.73,Rent
2025-03-05,SALARY store #189,4761.83,Income
2025-05-23,QUEST DIAGNOSTICS,-36.86,Health
2025-06-20,DOORDASH,-38.89,Dining
2025-09-28,SALARY,3713.41,Income
2025-03-13,STEAM,-91.85,Entertainment
2025-07-22,MORTGAGE,-1585.93,Rent
2025-04-20,WEGMANS store #673,-171.35,Groceries
2025-04-06,SHELL,-31.95,Transport
2025-03-21,DOMINOS,-97.94,Dining
2025-06-30,QUEST DIAGNOSTICS store #657,-58.49,Health
2025-07-11,DELTA,-149.28,Transport
2025-10-01,MTA,-196.3,Transport
2025-08-08,NETFLIX store #477,-77.39,Entertainment
2025-07-20,NIKE,-90.79,Shopping
2025-05-06,DIRECT DEPOSIT store #496,4467.29,Income
2025-11-04,PAYROLL,4908.64,Income
2025-07-14,HULU,-8.79,Entertainment
2025-03-21,DIRECT DEPOSIT,2395.85,Income
2025-09-08,NETFLIX,-184.74,Entertainment
2025-05-31,POS PURCHASE PLAYSTATION,-83.36,Entertainment
2025-04-29,MORTGAGE,-1735.63,Rent
2025-12-03,COMCAST,-197.28,Utilities
2026-01-09,CITY ELECTRIC,-137.09,Utilities
2026-01-12,WHOLE FOODS store #159,-119.27,Groceries
2025-06-22,NIKE,-84.59,Shopping
2026-01-10,DOCTOR store #285,-82.8,Health
2025-08-28,CINEMA store #822,-167.5,Entertainment
2025-06-11,CITY ELECTRIC store #760,-72.11,Utilities
2025-03-09,POS PURCHASE LEASING OFFICE store #826,-1086.06,Rent
2025-02-17,APARTMENT RENT,-1333.71,Rent
2025-06-15,DIVIDEND store #788,2334.79,Income
2026-02-07,H&M,-106.97,Shopping
2025-03-11,KROGER store #199,-164.43,Groceries
2025-02-24,QUEST DIAGNOSTICS,-17.16,Health
2025-04-10,UNIQLO store #878,-192.29,Shopping
2025-12-04,ALDI store #739,-41.38,Groceries
2025-05-18,REFUND,4819.48,Income
2025-02-11,ALDI,-149.74,Groceries
2025-12-26,WATER DEPT,-82.04,Utilities
2025-05-09,ALDI,-49.96,Groceries
2025-12-14,DOCTOR,-189.18,Health
2025-07-09,PUBLIX,-52.9,Groceries
2025-07-04,HULU,-122.16,Entertainment
2026-02-04,VERIZON,-154.84,Utilities
2025-09-28,SPOTIFY,-152.22,Entertainment
2025-05-17,BEST BUY,-63.9,Shopping
2025-06-21,LEASING OFFICE store #744,-1203.27,Rent
2025-09-06,PAYROLL,2915.13,Income
2025-05-17,HOSPITAL,-42.84,Health
2025-07-19,HOSPITAL,-190.93,Health
2025-12-30,DUKE ENERGY,-73.09,Utilities
2025-09-20,AT&T,-21.83,Utilities
2025-08-08,TACO BELL,-191.46,Dining
2025-05-31,WATER DEPT,-131.29,Utilities
2025-03-12,CVS,-95.27,Health
2025-06-13,EXXON,-108.09,Transport
2025-03-11,TRADER JOE'S store #600,-151.4,Groceries
2025-05-03,CHEVRON store #630,-136.69,Transport
2025-07-15,DOORDASH,-114.66,Dining
2025-04-08,SUBWAY,-144.33,Dining
2025-11-13,TRADER JOE'S,-32.36,Groceries
2025-08-17,NIKE,-166.23,Shopping
2025-04-01,WHOLE FOODS store #670,-197.62,Groceries
2025-02-14,MTA,-146.04,Transport
2025-11-24,APARTMENT RENT,-1038.21,Rent
2025-06-13,CVS,-174.47,Health
2025-03-24,UNIQLO,-73.67,Shopping
2025-11-23,WATER DEPT,-54.44,Utilities
2025-11-04,APARTMENT RENT store #128,-1741.6,Rent
2025-09-08,CITY ELECTRIC store #134,-156.5,Utilities
2026-01-29,VERIZON store #825,-110.79,Utilities
2025-11-23,DIRECT DEPOSIT,3496.24,Income
2025-06-24,SHELL,-53.84,Transport
2025-02-25,DIRECT DEPOSIT store #889,2870.35,Income
2026-02-07,VERIZON store #806,-15.49,Utilities
2025-06-20,POS PURCHASE APARTMENT RENT,-1400.96,Rent
2025-02-23,WEGMANS,-25.66,Groceries
2025-05-19,TACO BELL,-50.31,Dining
2025-05-25,AT&T store #582,-160.85,Utilities
2025-03-30,CHEVRON store #248,-71.64,Transport
2025-11-29,DENTIST store #887,-54.67,Health
2025-03-04,CVS,-18.16,Health
2025-08-07,DIVIDEND,4783.36,Income
2025-04-23,POS PURCHASE REFUND,4124.73,Income
2025-12-05,CITY ELECTRIC,-169.34,Utilities
2025-12-01,REFUND,3514.45,Income
2025-07-09,DISNEY+ store #380,-118.65,Entertainment
2025-11-20,NETFLIX store #794,-149.25,Entertainment
2026-01-13,CHEVRON,-94.16,Transport
2025-02-11,APPLE,-66.58,Shopping
2025-05-07,POS PURCHASE CHEVRON store #788,-154.19,Transport
2025-10-28,POS PURCHASE COMCAST,-170.46,Utilities
2025-10-04,POS PURCHASE VERIZON,-182.37,Utilities
2025-07-21,CHEVRON,-193.15,Transport
2025-08-01,CITY ELECTRIC,-149.1,Utilities
2025-06-26,NIKE store #165,-68.36,Shopping
2025-04-12,REFUND,2880.74,Income
2025-06-23,SALARY store #886,3332.53,Income
2026-02-07,POS PURCHASE BEST BUY store #805,-24.19,Shopping
2025-05-06,COMCAST,-146.84,Utilities
2026-01-20,SUBWAY,-24.72,Dining
2025-04-05,STARBUCKS,-54.77,Dining
2025-07-12,DENTIST store #525,-150.96,Health
2025-03-04,SPOTIFY store #126,-19.31,Entertainment
2025-09-21,COMCAST store #393,-195.3,Utilities
2025-09-29,REFUND,4381.28,Income
2025-03-13,HULU,-149.4,Entertainment
2025-05-05,APPLE store #112,-83.29,Shopping
2025-08-24,BP,-149.07,Transport
2025-07-14,CITY ELECTRIC,-166.85,Utilities
2025-05-05,REFUND store #553,4782.34,Income
2025-10-19,DOORDASH store #716,-198.72,Dining
2025-06-02,UBER EATS,-56.61,Dining
2025-06-10,SHELL,-191.55,Transport
2025-09-09,APARTMENT RENT store #339,-1552.01,Rent
2025-10-29,ALDI,-64.79,Groceries
2025-04-16,LYFT,-145.43,Transport
2025-08-18,AMTRAK,-75.86,Transport
2025-12-20,DIRECT DEPOSIT,2040.35,Income
2025-05-12,DOCTOR store #322,-182.87,Health
2026-01-28,TRADER JOE'S store #224,-190.63,Groceries
2025-06-29,HULU store #710,-106.73,Entertainment
2025-06-25,APARTMENT RENT,-1107.65,Rent
2025-12-08,KROGER,-117.73,Groceries
2025-12-28,AMAZON,-154.77,Shopping
2025-11-13,DUKE ENERGY,-35.7,Utilities
2025-05-20,DIRECT DEPOSIT,3214.9,Income
2025-04-07,SAFEWAY,-22.93,Groceries
2025-10-18,REFUND,3007.28,Income
2025-12-04,STEAM,-50.71,Entertainment
2025-05-03,EXXON,-93.43,Transport
2025-07-03,CVS,-29.15,Health
2025-06-24,PLAYSTATION,-152.78,Entertainment
2025-04-06,NETFLIX store #458,-199.93,Entertainment
2025-08-11,HOSPITAL,-125.64,Health
2025-09-04,SPOTIFY store #865,-184.51,Entertainment
2026-02-07,DELTA,-123.0,Transport
2025-03-14,WATER DEPT store #143,-108.56,Utilities
2025-10-11,KROGER,-17.42,Groceries
2025-12-02,APARTMENT RENT,-1825.69,Rent
2025-05-20,SALARY store #872,4641.5,Income
2025-06-22,DELTA,-147.55,Transport
2025-09-28,DIVIDEND,4895.45,Income
2025-03-15,SUBWAY store #607,-97.28,Dining
2025-05-15,AMTRAK,-52.21,Transport
2025-05-07,WALGREENS,-93.37,Health
2026-02-07,UNIQLO,-99.57,Shopping
2025-12-30,POS PURCHASE COMCAST,-94.26,Utilities
2025-11-26,DIRECT DEPOSIT store #699,3734.37,Income
2025-05-16,APARTMENT RENT,-1009.38,Rent
2025-10-16,CHIPOTLE,-87.32,Dining
2025-02-28,DOMINOS store #688,-74.8,Dining
2025-08-02,POS PURCHASE VERIZON,-184.35,Utilities
2026-01-12,SALARY store #148,4212.19,Income
2025-04-18,APPLE store #983,-170.86,Shopping
2025-11-24,HOSPITAL store #152,-79.5,Health
2025-10-17,PLAYSTATION store #984,-174.65,Entertainment
2025-04-26,DELTA,-28.07,Transport
2025-07-13,DIRECT DEPOSIT,3980.49,Income
2025-10-28,POS PURCHASE KROGER,-126.62,Groceries
2025-12-04,AT&T,-41.77,Utilities
2025-06-19,EXXON,-185.95,Transport
2026-01-09,TRADER JOE'S,-57.39,Groceries
2025-11-10,HOSPITAL,-184.77,Health
2025-04-21,MCDONALDS,-75.0,Dining
2026-01-02,POS PURCHASE HULU,-59.97,Entertainment
2025-07-18,SALARY,4875.08,Income
2026-01-22,COMCAST,-39.0,Utilities
2026-01-21,BEST BUY store #549,-54.32,Shopping
2025-10-15,COMCAST,-36.2,Utilities
2026-01-20,TARGET,-168.53,Shopping
2026-01-05,POS PURCHASE WHOLE FOODS store #260,-180.77,Groceries
2026-01-08,UNIQLO,-163.05,Shopping
2025-07-18,SUBWAY store #153,-116.6,Dining
2025-02-28,DOCTOR,-55.57,Health
2026-01-19,APARTMENT RENT,-1162.77,Rent
2025-06-08,POS PURCHASE PLAYSTATION store #609,-36.46,Entertainment
2025-04-12,SOUTHWEST store #653,-83.86,Transport
2025-04-02,PUBLIX store #547,-138.77,Groceries
2025-12-21,POS PURCHASE DISNEY+,-144.17,Entertainment
2025-08-21,PAYROLL,2539.03,Income
2025-07-31,WEGMANS,-76.69,Groceries
2025-04-11,DOMINOS,-66.26,Dining
2025-11-12,QUEST DIAGNOSTICS,-18.49,Health
2025-07-05,MCDONALDS,-30.31,Dining
2025-06-21,HOSPITAL,-102.73,Health
2025-08-11,SUBWAY store #577,-128.36,Dining
2025-11-10,DENTIST store #944,-78.9,Health
2025-06-09,UBER EATS,-179.26,Dining
2025-05-16,UNIQLO store #850,-9.8,Shopping
2025-06-08,NIKE store #513,-71.71,Shopping
2025-10-19,DUKE ENERGY store #322,-91.28,Utilities
2025-11-01,PLAYSTATION store #532,-166.98,Entertainment
2025-11-28,POS PURCHASE DIVIDEND,3219.12,Income
2026-01-20,LYFT,-90.11,Transport
2025-02-28,ALDI,-164.32,Groceries
2025-07-07,WATER DEPT,-72.39,Utilities
2025-10-24,WHOLE FOODS,-126.73,Groceries
2025-12-12,DUKE ENERGY,-27.44,Utilities
2025-05-19,SAFEWAY,-181.46,Groceries
2026-01-08,LEASING OFFICE store #362,-1491.86,Rent
2025-09-16,WHOLE FOODS,-158.02,Groceries
2026-01-14,LEASING OFFICE,-1482.69,Rent
2025-05-12,TRADER JOE'S,-102.31,Groceries
2026-02-08,POS PURCHASE TACO BELL,-132.5,Dining
2025-02-27,WALGREENS store #873,-107.7,Health
2025-03-12,MORTGAGE,-1687.38,Rent
2025-06-28,REFUND store #674,2210.74,Income
2025-04-04,MORTGAGE,-1081.66,Rent
2025-09-28,WATER DEPT,-75.16,Utilities
2025-07-07,PAYROLL,3647.32,Income
2025-03-08,SALARY store #756,3823.15,Income
2026-01-05,WEGMANS,-30.39,Groceries
2025-02-11,LEASING OFFICE store #901,-1434.87,Rent
2025-12-13,POS PURCHASE KROGER store #654,-147.33,Groceries
2025-09-06,LEASING OFFICE,-1440.77,Rent
2025-10-21,DISNEY+ store #220,-115.95,Entertainment
2025-08-05,DUNKIN,-29.37,Dining
2025-03-25,CINEMA,-130.32,Entertainment
2026-02-06,DUKE ENERGY,-98.24,Utilities
2025-09-16,DOMINOS,-188.12,Dining
2025-04-17,DIRECT DEPOSIT store #122,2438.05,Income
2025-09-17,DUNKIN store #130,-14.13,Dining
2025-05-30,AMAZON,-100.49,Shopping
2025-03-30,MORTGAGE,-1533.75,Rent
2025-04-01,APARTMENT RENT store #828,-1897.81,Rent
2025-12-04,PAYROLL,3486.03,Income
2025-04-07,POS PURCHASE HOSPITAL,-109.72,Health
2026-02-03,MCDONALDS,-114.37,Dining
2025-12-29,REFUND,4675.8,Income
2025-12-28,WALMART store #746,-155.02,Groceries
2025-06-04,POS PURCHASE UBER EATS,-143.52,Dining
2026-01-15,STEAM,-140.64,Entertainment
2025-06-03,BEST BUY store #301,-54.56,Shopping
2025-06-19,DUKE ENERGY,-198.63,Utilities
2025-02-19,HOSPITAL,-32.27,Health
2025-12-24,MORTGAGE,-1593.08,Rent
2025-03-02,SALARY store #175,2401.03,Income
2025-06-11,ZARA,-154.57,Shopping
2025-11-17,DOORDASH,-180.84,Dining
2025-08-17,SALARY,4365.81,Income
2025-07-18,SPOTIFY,-128.27,Entertainment
2025-04-11,DIVIDEND store #636,2294.41,Income
2025-09-10,DELTA store #572,-62.2,Transport
2025-06-14,TARGET,-126.96,Shopping
2026-01-22,AMAZON,-157.83,Shopping
2026-01-28,ZARA,-36.13,Shopping
2025-09-13,AMAZON,-121.78,Shopping
2026-01-31,UNIQLO,-169.18,Shopping
2025-11-21,CHEVRON,-83.71,Transport
2025-08-08,CITY ELECTRIC,-23.79,Utilities
2025-10-25,TACO BELL,-54.12,Dining
2025-06-02,ALDI,-84.58,Groceries
2025-07-23,LYFT,-76.98,Transport
2025-12-19,ALDI store #370,-108.41,Groceries
2025-09-08,WALGREENS,-32.5,Health
2025-04-15,ALDI,-167.42,Groceries
2025-06-14,DIRECT DEPOSIT store #182,3572.89,Income
2025-02-24,CHIPOTLE,-196.96,Dining
2025-12-16,CHEVRON,-127.94,Transport
2025-06-25,HOSPITAL store #335,-51.5,Health
2025-06-25,SPOTIFY,-109.35,Entertainment
2025-07-09,ZARA,-170.54,Shopping
2025-08-18,DOCTOR,-62.51,Health
2025-08-02,POS PURCHASE COMCAST store #904,-38.68,Utilities
2025-07-10,DOORDASH,-199.92,Dining
2025-12-16,DENTIST,-164.49,Health
2025-11-05,DOMINOS store #982,-86.22,Dining
2025-11-03,MCDONALDS store #979,-141.54,Dining
2025-02-28,UBER,-24.6,Transport
2025-06-17,POS PURCHASE SUBWAY,-27.28,Dining
2026-01-26,DIVIDEND,3816.16,Income
2025-11-19,PAYROLL,4192.27,Income
2025-02-27,WATER DEPT,-101.43,Utilities
2026-01-18,SALARY,3669.56,Income
2025-12-31,WALGREENS,-100.04,Health
2025-06-22,EXXON,-112.82,Transport
2025-09-14,DENTIST,-99.12,Health
2025-07-11,KROGER,-63.79,Groceries
2025-04-05,MORTGAGE,-1671.26,Rent
2025-04-23,WATER DEPT,-28.8,Utilities
2025-02-11,TRADER JOE'S,-157.69,Groceries
2025-07-24,BP,-13.66,Transport
2025-10-11,POS PURCHASE CINEMA,-60.28,Entertainment
2025-06-17,MCDONALDS,-75.45,Dining
2025-10-27,WEGMANS,-145.93,Groceries
2025-05-11,LEASING OFFICE store #875,-1178.79,Rent
2025-04-28,H&M store #130,-168.98,Shopping
2025-07-29,LEASING OFFICE,-1557.55,Rent
2025-08-05,DUKE ENERGY store #173,-46.49,Utilities
2026-02-09,POS PURCHASE DIRECT DEPOSIT,4336.98,Income
2026-01-08,EXXON,-140.79,Transport
2025-07-30,KROGER,-158.25,Groceries
2025-09-12,STEAM store #675,-30.77,Entertainment
2025-10-19,SALARY,2273.43,Income
2025-03-24,DIRECT DEPOSIT store #777,3626.05,Income
2025-11-09,PAYROLL store #289,4245.63,Income
2025-09-16,PAYROLL,4732.79,Income
2025-08-13,CVS,-37.94,Health
2025-12-19,APARTMENT RENT store #219,-1559.92,Rent
2025-07-06,APARTMENT RENT store #826,-1781.74,Rent
2025-10-29,COMCAST store #492,-159.22,Utilities
2026-01-20,VERIZON,-25.63,Utilities
2025-11-26,STEAM,-188.56,Entertainment
2025-10-16,KROGER,-53.84,Groceries
2025-12-21,CITY ELECTRIC store #861,-99.84,Utilities
2025-02-19,AT&T,-76.32,Utilities
2025-09-10,DIVIDEND,4049.71,Income
2025-07-09,LEASING OFFICE,-1490.67,Rent
2026-01-17,APARTMENT RENT,-1565.95,Rent
2025-04-24,PAYROLL,2466.2,Income
2025-06-21,PUBLIX store #849,-123.46,Groceries
2025-03-06,HULU,-161.95,Entertainment
2026-01-30,CVS,-135.03,Health
2025-07-02,POS PURCHASE SOUTHWEST,-119.76,Transport
2025-03-23,SHELL store #235,-192.62,Transport
2025-10-13,POS PURCHASE SAFEWAY,-49.76,Groceries
2025-04-20,CINEMA,-69.61,Entertainment
2025-02-17,QUEST DIAGNOSTICS,-53.55,Health
2025-06-10,NETFLIX store #506,-113.14,Entertainment
2025-02-18,WALMART store #368,-182.56,Groceries
2025-02-23,NETFLIX store #346,-79.04,Entertainment
2025-08-18,POS PURCHASE LEASING OFFICE,-1242.9,Rent
2025-04-15,SUBWAY,-103.78,Dining
2026-01-13,POS PURCHASE DOMINOS,-67.78,Dining
2025-07-29,TARGET,-138.04,Shopping
2025-06-06,NINTENDO store #620,-56.3,Entertainment
2025-07-14,DOCTOR,-135.79,Health
2025-08-14,ALDI,-71.73,Groceries
2025-09-16,DOCTOR,-112.3,Health
2025-02-14,DUKE ENERGY,-150.78,Utilities
2026-02-09,PAYROLL store #657,4637.1,Income
2025-12-15,DIRECT DEPOSIT,3532.81,Income
2025-10-15,POS PURCHASE DIVIDEND store #735,4352.1,Income
2025-09-01,COMCAST,-61.32,Utilities
2025-06-20,SHELL store #888,-48.72,Transport
2025-11-30,NETFLIX,-15.46,Entertainment
2025-07-03,AMAZON store #143,-167.63,Shopping
2025-08-17,DOMINOS,-70.34,Dining
2025-04-01,COMCAST,-178.16,Utilities
2025-11-29,AMTRAK store #697,-19.45,Transport
2025-06-04,SOUTHWEST,-16.53,Transport
2025-12-05,DOCTOR,-150.15,Health
2025-07-29,STEAM,-139.68,Entertainment
2025-06-13,ALDI,-138.64,Groceries
2025-07-12,MORTGAGE,-1491.15,Rent
2025-11-17,POS PURCHASE H&M,-18.56,Shopping
2025-04-29,APPLE,-92.06,Shopping
2026-01-28,TRADER JOE'S store #145,-151.97,Groceries
2025-07-26,POS PURCHASE NINTENDO,-34.22,Entertainment
2025-02-09,DELTA store #543,-7.35,Transport
2026-01-09,MTA,-196.79,Transport
2025-11-01,SPOTIFY store #928,-188.31,Entertainment
2025-05-04,KROGER,-127.46,Groceries
2025-03-03,DOCTOR,-69.44,Health
2025-04-22,H&M,-176.19,Shopping
2025-11-27,POS PURCHASE DENTIST,-154.59,Health
2025-06-14,DUKE ENERGY store #634,-12.87,Utilities
2025-05-07,COMCAST store #643,-173.45,Utilities
2025-06-21,SOUTHWEST,-61.8,Transport
2025-09-09,WALGREENS,-18.77,Health
2025-04-02,POS PURCHASE H&M,-76.27,Shopping
2025-06-25,POS PURCHASE DOMINOS,-47.79,Dining
2025-08-19,AT&T,-127.86,Utilities
2025-04-25,AMAZON store #129,-32.75,Shopping
2026-01-09,MTA,-160.19,Transport
2025-10-04,ZARA store #778,-6.49,Shopping
2025-03-01,NIKE,-127.09,Shopping
2026-02-08,REFUND store #751,3261.45,Income
2026-01-31,UBER,-13.22,Transport
2025-07-12,STEAM store #206,-73.52,Entertainment
2025-04-23,DOMINOS,-33.05,Dining
2025-12-20,PAYROLL store #733,3822.57,Income
2025-04-17,WALMART,-151.12,Groceries
2025-04-26,LEASING OFFICE store #827,-1726.36,Rent
2025-04-28,LEASING OFFICE store #500,-1672.38,Rent
2025-10-19,POS PURCHASE SAFEWAY,-11.74,Groceries
2025-07-22,CHEVRON,-100.68,Transport
2026-02-02,POS PURCHASE MCDONALDS store #506,-44.96,Dining
2025-08-09,POS PURCHASE COMCAST store #445,-177.12,Utilities
2025-09-11,SAFEWAY,-31.0,Groceries
2025-04-08,POS PURCHASE COMCAST store #360,-175.18,Utilities
2025-11-16,APARTMENT RENT,-1231.53,Rent
2025-11-15,POS PURCHASE UBER,-38.19,Transport
2025-04-05,POS PURCHASE NETFLIX,-50.09,Entertainment
2026-02-06,WATER DEPT,-18.1,Utilities
2025-11-17,LYFT,-39.2,Transport
2025-12-02,ZARA,-164.9,Shopping
2025-09-11,MORTGAGE,-1949.64,Rent
2025-10-02,EXXON store #831,-173.55,Transport
2025-02-17,MTA,-198.42,Transport
2025-07-27,VERIZON,-15.22,Utilities
2025-06-23,SHELL,-199.01,Transport
2025-04-02,MORTGAGE store #360,-1156.1,Rent
2025-09-06,POS PURCHASE COMCAST,-199.13,Utilities
2025-07-02,COMCAST,-171.4,Utilities
2025-04-16,POS PURCHASE AMTRAK,-133.43,Transport
2025-10-12,DOCTOR,-44.4,Health
2025-06-06,NINTENDO store #763,-95.89,Entertainment
2026-01-28,WEGMANS store #753,-143.93,Groceries
2025-02-18,UBER EATS,-146.55,Dining
2025-08-21,EXXON,-125.73,Transport
2025-02-20,DELTA,-177.78,Transport
2025-10-03,CITY ELECTRIC,-155.22,Utilities
2025-08-26,LEASING OFFICE,-1993.57,Rent
2025-11-12,UBER,-198.47,Transport
2025-11-16,DIVIDEND,2680.74,Income
2025-11-22,VERIZON,-183.8,Utilities
2025-02-24,SALARY store #584,3041.49,Income
2025-07-20,DISNEY+ store #959,-171.14,Entertainment
2025-04-25,CITY ELECTRIC,-142.65,Utilities
2025-02-27,UBER,-194.99,Transport
2026-02-09,QUEST DIAGNOSTICS,-196.06,Health
2025-08-11,HOSPITAL store #546,-174.55,Health
2025-08-26,CHEVRON store #644,-25.34,Transport
2025-08-05,SUBWAY,-60.13,Dining
2025-12-18,LEASING OFFICE,-1978.3,Rent
2025-10-10,ZARA store #462,-67.11,Shopping
2025-09-14,REFUND store #683,3110.42,Income
2025-12-30,SALARY,3962.1,Income
2025-05-16,POS PURCHASE VERIZON store #557,-80.7,Utilities
2025-04-18,SHELL store #513,-112.5,Transport
2025-10-02,TRADER JOE'S store #749,-12.83,Groceries
2025-03-13,AMTRAK,-43.29,Transport
2025-02-22,APARTMENT RENT store #595,-1468.44,Rent
2025-04-25,POS PURCHASE AMTRAK,-34.76,Transport
2025-02-21,CVS store #272,-148.9,Health
2025-02-12,KROGER store #387,-180.3,Groceries
2025-12-01,STARBUCKS,-193.04,Dining
2025-06-14,POS PURCHASE DOMINOS,-137.91,Dining
2026-02-03,ZARA,-7.34,Shopping
2025-09-22,STEAM store #816,-104.2,Entertainment
2025-10-06,DISNEY+ store #715,-182.09,Entertainment
2025-02-14,APPLE,-105.05,Shopping
2025-04-24,TRADER JOE'S,-13.7,Groceries
2025-05-24,APARTMENT RENT store #279,-1331.69,Rent
2025-10-14,REFUND,2747.22,Income
2025-10-20,LYFT,-128.34,Transport
2025-05-17,MTA,-58.95,Transport
2025-09-27,REFUND,3558.6,Income
2025-11-10,WALGREENS,-7.87,Health
2025-08-02,HOSPITAL store #474,-28.09,Health
2025-08-29,NIKE,-129.94,Shopping
2025-08-22,WEGMANS,-32.37,Groceries
2025-06-06,APARTMENT RENT store #728,-1123.45,Rent
2025-09-23,NETFLIX,-140.65,Entertainment
2025-03-04,BURGER KING,-143.98,Dining
2025-04-16,POS PURCHASE TACO BELL,-118.05,Dining
2025-02-28,REFUND,2980.05,Income
2025-09-26,APPLE,-132.89,Shopping
2025-04-25,POS PURCHASE APARTMENT RENT,-1461.16,Rent
2025-04-22,DOCTOR,-145.53,Health
2026-01-21,DIVIDEND store #468,3253.41,Income
2025-04-29,UNIQLO,-55.67,Shopping
2026-02-01,LEASING OFFICE store #180,-1401.35,Rent
2025-06-16,STARBUCKS,-34.6,Dining
2025-06-17,HOSPITAL store #795,-162.7,Health
2025-11-11,TARGET,-136.02,Shopping
2025-09-21,WALMART store #249,-135.23,Groceries
2025-07-08,DIRECT DEPOSIT,2043.99,Income
2025-05-13,POS PURCHASE ALDI,-113.32,Groceries
2025-12-01,DOMINOS,-41.41,Dining
2026-01-17,UNIQLO,-108.83,Shopping
2025-04-27,EXXON,-51.09,Transport
2025-12-08,NINTENDO store #111,-75.38,Entertainment
2025-08-31,SHELL,-127.64,Transport
2025-09-01,DIRECT DEPOSIT,3556.89,Income
2025-05-11,UNIQLO,-90.98,Shopping
2025-03-20,MTA store #241,-175.33,Transport
2025-05-04,DISNEY+,-139.3,Entertainment
2025-06-01,H&M,-24.96,Shopping
2025-05-30,SUBWAY,-161.76,Dining
2025-08-06,PLAYSTATION,-44.48,Entertainment
2025-02-11,APARTMENT RENT,-1666.91,Rent
2026-02-03,WALGREENS store #626,-196.39,Health
2025-10-27,EXXON,-18.51,Transport
2025-06-27,CITY ELECTRIC,-104.07,Utilities
2025-05-13,ALDI,-58.5,Groceries
2025-02-28,QUEST DIAGNOSTICS store #476,-191.11,Health
2025-10-20,DISNEY+ store #735,-43.97,Entertainment
2025-03-11,AMTRAK store #973,-184.61,Transport
2025-07-21,CITY ELECTRIC,-18.34,Utilities
2025-05-30,HULU,-147.83,Entertainment
2025-04-23,SPOTIFY store #353,-132.6,Entertainment
2025-08-07,SOUTHWEST,-117.71,Transport
2025-08-20,TRADER JOE'S,-153.57,Groceries
2025-11-01,WALGREENS,-14.87,Health
2025-04-14,LEASING OFFICE store #110,-1681.01,Rent
2025-08-05,KROGER store #393,-7.12,Groceries
2025-04-01,AT&T store #947,-139.09,Utilities
2025-04-13,DOCTOR,-16.45,Health
2025-07-20,DENTIST,-104.51,Health
2025-08-18,PLAYSTATION store #444,-168.41,Entertainment
2025-09-28,LEASING OFFICE,-1185.41,Rent
2025-12-09,WEGMANS,-128.13,Groceries
2025-12-07,WALGREENS,-147.93,Health
2025-10-06,EXXON,-108.19,Transport
2025-12-02,MTA,-33.13,Transport
2025-12-07,UBER EATS store #739,-94.58,Dining
2025-04-21,DELTA,-152.08,Transport
2025-08-19,UBER,-44.02,Transport
2025-08-31,APPLE,-131.9,Shopping
2025-06-19,SAFEWAY,-181.96,Groceries
2025-03-03,CITY ELECTRIC,-130.54,Utilities
2025-12-02,BURGER KING,-59.63,Dining
2025-10-23,POS PURCHASE QUEST DIAGNOSTICS store #663,-57.4,Health
2025-04-05,COMCAST,-67.12,Utilities
2025-08-15,UBER,-130.62,Transport
2025-09-06,REFUND store #583,3297.82,Income
2025-05-07,WHOLE FOODS,-69.6,Groceries
2025-12-24,MORTGAGE,-1671.1,Rent
2025-05-16,DIRECT DEPOSIT,2200.63,Income
2025-04-22,SAFEWAY store #756,-186.03,Groceries
2025-09-30,APARTMENT RENT,-1292.84,Rent
2026-01-17,APPLE,-24.28,Shopping
2026-01-19,KROGER,-189.07,Groceries
2025-08-02,LEASING OFFICE,-1376.88,Rent
2025-08-31,DENTIST,-72.22,Health
2025-04-08,KROGER store #328,-159.28,Groceries
2025-11-07,PAYROLL store #936,4074.97,Income
2025-04-10,DOMINOS store #498,-73.5,Dining
2025-12-03,PAYROLL,3689.52,Income
2025-08-29,HOSPITAL store #747,-104.12,Health
2025-12-30,APPLE,-190.72,Shopping
2025-05-31,POS PURCHASE NETFLIX,-136.32,Entertainment
2025-03-26,MCDONALDS store #263,-119.97,Dining
2026-01-22,LEASING OFFICE,-1055.1,Rent
2025-07-30,CHEVRON,-177.13,Transport
2026-01-03,PUBLIX store #565,-141.46,Groceries
2025-07-13,WALGREENS,-11.39,Health
2025-09-03,UBER EATS,-129.92,Dining
2026-02-04,SHELL store #472,-55.67,Transport
2025-05-04,PAYROLL,4786.55,Income
2025-06-29,NETFLIX,-57.88,Entertainment
2025-04-20,H&M,-163.78,Shopping
2025-04-11,AMAZON,-130.89,Shopping
2025-11-03,DISNEY+,-100.78,Entertainment
2025-04-06,DENTIST,-95.48,Health
2025-09-23,TARGET store #964,-90.21,Shopping
2025-06-22,SUBWAY,-146.16,Dining
2025-12-19,DELTA,-106.16,Transport
2025-10-19,TRADER JOE'S,-91.78,Groceries
2025-12-28,DISNEY+,-148.16,Entertainment
2026-02-08,WALGREENS,-159.52,Health
2025-08-09,KROGER store #340,-144.19,Groceries
2025-10-18,APARTMENT RENT,-1179.61,Rent
2025-07-13,DISNEY+,-102.83,Entertainment
2025-06-03,DIVIDEND,3530.79,Income
2025-09-01,NETFLIX,-58.72,Entertainment
2025-11-16,HOSPITAL,-178.49,Health
2025-04-02,DELTA,-94.73,Transport
2025-08-24,WALGREENS,-24.41,Health
2025-09-07,POS PURCHASE REFUND,2347.38,Income
2025-02-22,BURGER KING,-89.6,Dining
2025-12-07,DIRECT DEPOSIT,3042.37,Income
2025-09-08,APARTMENT RENT store #938,-1738.12,Rent
2025-08-06,SHELL store #618,-146.13,Transport
2025-12-02,WHOLE FOODS,-165.31,Groceries
2025-05-23,QUEST DIAGNOSTICS store #377,-88.62,Health
2025-10-29,MORTGAGE,-1671.87,Rent
2025-05-13,COMCAST,-134.91,Utilities
2025-03-28,DIVIDEND,2308.86,Income
2026-01-19,PAYROLL,2303.71,Income
2025-11-12,HOSPITAL,-112.16,Health
2025-06-14,MTA,-127.09,Transport
2025-05-30,ALDI,-125.77,Groceries
2025-08-30,NETFLIX store #234,-41.19,Entertainment
2025-11-18,MORTGAGE,-1435.08,Rent
2025-10-28,AT&T,-146.76,Utilities
2026-01-16,CITY ELECTRIC,-134.43,Utilities
2025-02-13,PAYROLL,4956.06,Income
2026-02-02,EXXON,-69.7,Transport
2025-04-07,APARTMENT RENT,-1798.6,Rent
2025-06-21,TARGET store #642,-48.77,Shopping
2025-08-20,QUEST DIAGNOSTICS store #911,-7.31,Health
2025-07-01,PLAYSTATION,-37.75,Entertainment
2025-09-15,PUBLIX store #628,-115.79,Groceries
2025-03-24,NIKE,-114.91,Shopping
2025-12-09,DELTA store #893,-173.75,Transport
2025-05-22,WEGMANS,-199.94,Groceries
2025-02-22,APARTMENT RENT store #921,-1642.37,Rent
2025-05-18,PAYROLL store #342,2096.42,Income
2025-11-13,QUEST DIAGNOSTICS,-129.64,Health
2026-01-18,LEASING OFFICE store #790,-1453.32,Rent
2025-11-08,DIRECT DEPOSIT,4803.74,Income
2025-05-01,DENTIST,-96.31,Health
2025-08-11,LEASING OFFICE,-1385.83,Rent
2025-02-20,MORTGAGE store #671,-1365.01,Rent
2026-01-04,DISNEY+ store #613,-197.51,Entertainment
2025-09-14,LEASING OFFICE,-1864.22,Rent
2025-09-26,DENTIST,-14.68,Health
2025-06-06,DENTIST store #148,-172.34,Health
2025-03-20,CITY ELECTRIC,-100.45,Utilities
2025-04-04,WALGREENS,-178.07,Health
2025-08-20,CINEMA,-25.84,Entertainment
2026-01-11,BEST BUY,-81.56,Shopping
2025-05-31,TARGET,-173.66,Shopping
2025-08-12,HULU store #480,-19.71,Entertainment
2025-08-19,SOUTHWEST,-173.92,Transport
2025-07-25,VERIZON,-139.45,Utilities
2025-04-20,MORTGAGE,-1489.25,Rent
2025-09-22,REFUND,4103.89,Income
2025-05-07,POS PURCHASE DISNEY+,-139.54,Entertainment
2025-05-27,POS PURCHASE UNIQLO store #545,-186.67,Shopping
2026-01-19,CVS,-138.2,Health
2026-01-24,POS PURCHASE H&M,-53.09,Shopping
2025-11-29,LYFT,-157.52,Transport
2026-01-20,CVS,-160.64,Health
2026-01-21,POS PURCHASE APPLE,-121.09,Shopping
2025-07-20,LEASING OFFICE,-1521.92,Rent
2026-01-13,DELTA,-171.73,Transport
2025-07-20,POS PURCHASE LEASING OFFICE store #874,-1761.45,Rent
2025-03-21,WALMART store #625,-111.99,Groceries
2025-03-31,POS PURCHASE DENTIST,-28.99,Health
2025-08-29,BURGER KING store #484,-24.79,Dining
2025-12-11,POS PURCHASE DIVIDEND,2093.28,Income
2025-05-16,MORTGAGE,-1932.24,Rent
2025-05-02,NINTENDO,-74.59,Entertainment
2025-02-17,TRADER JOE'S,-159.32,Groceries
2025-05-12,WHOLE FOODS,-94.3,Groceries
2025-11-15,COMCAST store #434,-124.77,Utilities
2025-10-26,DIRECT DEPOSIT store #174,3089.39,Income
2025-08-09,CVS,-156.68,Health
2025-09-24,MORTGAGE store #801,-1238.78,Rent
2025-05-16,POS PURCHASE APPLE,-53.57,Shopping
2025-10-07,PAYROLL store #275,3406.64,Income
2025-02-16,WATER DEPT,-85.52,Utilities
2025-06-12,DUKE ENERGY,-97.93,Utilities
2025-03-29,WATER DEPT store #539,-13.42,Utilities
2025-10-11,NETFLIX,-64.14,Entertainment
2025-08-04,COMCAST,-146.17,Utilities
2025-10-18,DOMINOS,-23.1,Dining
2025-05-01,UBER EATS,-19.38,Dining
2025-10-18,WHOLE FOODS,-22.44,Groceries
2025-12-27,POS PURCHASE DISNEY+,-106.42,Entertainment
2025-12-18,NETFLIX,-119.68,Entertainment
2026-01-20,CHEVRON store #554,-110.77,Transport
2025-05-17,CHEVRON,-61.84,Transport
2025-06-04,DIRECT DEPOSIT,4102.5,Income
2025-06-14,APPLE store #937,-144.23,Shopping
2025-08-12,SALARY,3554.59,Income
2025-03-21,UBER store #471,-6.43,Transport
2025-02-26,DISNEY+,-28.81,Entertainment
2025-04-21,LEASING OFFICE,-1985.43,Rent
2025-10-21,AMTRAK,-84.26,Transport
2025-12-21,LYFT,-66.83,Transport
2025-10-15,DIVIDEND,2275.99,Income
2026-01-22,NINTENDO store #705,-89.72,Entertainment
2025-02-12,HULU,-71.53,Entertainment
2025-04-16,DUNKIN store #600,-117.55,Dining
2025-02-09,KROGER,-83.99,Groceries
2025-03-20,PAYROLL,4706.48,Income
2025-10-09,WALGREENS,-57.14,Health
2025-09-24,CHEVRON,-189.1,Transport
2025-03-11,UNIQLO,-32.7,Shopping
2025-08-14,STARBUCKS store #397,-5.73,Dining
2025-06-30,WATER DEPT,-20.31,Utilities
2025-07-08,POS PURCHASE HOSPITAL,-195.81,Health
2025-05-20,POS PURCHASE DENTIST,-182.55,Health
2026-01-10,WALGREENS,-44.97,Health
2025-03-19,STARBUCKS store #404,-178.53,Dining
2025-12-07,AT&T,-133.9,Utilities
2025-05-03,POS PURCHASE SHELL,-73.65,Transport
2025-06-13,WALGREENS,-80.79,Health
2026-02-03,COMCAST store #586,-73.19,Utilities
2025-08-01,POS PURCHASE APARTMENT RENT,-1029.18,Rent
2025-12-20,DIVIDEND,3768.64,Income
2025-08-15,SHELL,-117.94,Transport
2025-12-13,AT&T,-142.35,Utilities
2025-04-13,CINEMA store #849,-93.57,Entertainment
2025-11-11,DIVIDEND,4695.84,Income
2025-12-14,WHOLE FOODS,-164.14,Groceries
2025-06-07,MORTGAGE store #297,-1063.37,Rent
2025-10-18,HULU store #679,-32.32,Entertainment
2025-06-18,WALMART store #360,-192.7,Groceries
2025-03-01,DUKE ENERGY,-128.39,Utilities
2025-10-03,AMAZON,-50.25,Shopping
2025-05-24,DOORDASH,-83.24,Dining
2025-04-19,DUKE ENERGY,-113.67,Utilities
2025-11-19,HULU store #468,-70.07,Entertainment
2025-02-21,DIRECT DEPOSIT,3601.59,Income
2025-11-04,VERIZON store #796,-76.82,Utilities
2025-07-30,LEASING OFFICE,-1516.02,Rent
2025-07-17,POS PURCHASE MORTGAGE,-1449.62,Rent
2025-11-19,BURGER KING store #562,-142.21,Dining
2025-10-16,POS PURCHASE STARBUCKS store #482,-32.91,Dining
2025-12-19,UNIQLO store #123,-54.79,Shopping
2025-04-30,MCDONALDS,-99.74,Dining
2025-10-20,AMTRAK,-182.98,Transport
2025-05-06,DOMINOS,-177.8,Dining
2025-10-19,DENTIST,-41.87,Health
2025-10-13,REFUND,4427.13,Income
2025-06-15,MTA store #462,-147.93,Transport
2025-03-27,LYFT,-39.33,Transport
2025-03-27,DOORDASH store #596,-170.96,Dining
2025-08-07,STEAM,-44.54,Entertainment
2025-08-30,LYFT,-159.19,Transport
2026-01-02,LEASING OFFICE store #287,-1953.76,Rent
2025-07-07,HULU,-14.07,Entertainment
2025-09-10,LEASING OFFICE,-1602.86,Rent
2026-01-09,ZARA,-119.2,Shopping
2025-10-02,DIVIDEND,3282.65,Income
2025-05-31,SALARY,2500.85,Income
2025-09-01,POS PURCHASE ZARA,-109.59,Shopping
2025-04-05,HOSPITAL,-80.29,Health
2025-12-15,CVS,-183.69,Health
2025-09-27,LEASING OFFICE,-1305.61,Rent
2026-02-08,POS PURCHASE MORTGAGE,-1392.68,Rent
2025-04-06,SALARY store #350,3345.15,Income
2025-11-01,UNIQLO,-134.87,Shopping
2025-05-26,H&M,-151.05,Shopping
2025-12-31,HULU,-189.87,Entertainment
2026-01-07,MTA,-42.33,Transport
2025-12-09,SAFEWAY,-160.78,Groceries
2025-12-05,TRADER JOE'S,-141.51,Groceries
2025-07-19,H&M,-195.39,Shopping
2025-02-22,DOMINOS store #923,-8.99,Dining
2026-01-20,DISNEY+,-153.16,Entertainment
2025-11-25,KROGER,-94.65,Groceries
2025-12-01,AT&T,-64.23,Utilities
2025-02-22,SALARY,4984.27,Income
2025-03-25,AMTRAK,-105.7,Transport
2025-09-20,POS PURCHASE LEASING OFFICE store #467,-1428.59,Rent
2025-04-17,POS PURCHASE H&M store #984,-30.25,Shopping
2025-10-03,DENTIST,-122.63,Health
2025-05-27,LEASING OFFICE,-1199.94,Rent
2025-08-29,AT&T,-53.96,Utilities
2025-11-09,POS PURCHASE TRADER JOE'S,-144.33,Groceries
2025-08-11,COMCAST,-158.73,Utilities
2025-05-24,MORTGAGE,-1041.12,Rent
2025-07-31,ALDI,-71.35,Groceries
2025-04-27,AT&T store #424,-66.26,Utilities
2025-11-25,POS PURCHASE CINEMA,-144.28,Entertainment
2025-11-28,PAYROLL,4994.94,Income
2025-10-16,AMAZON,-175.29,Shopping
2026-01-12,AMTRAK store #449,-196.28,Transport
2025-09-20,WHOLE FOODS,-24.27,Groceries
2025-08-11,CHEVRON,-38.56,Transport
2026-01-31,WALMART store #599,-71.89,Groceries
2025-04-15,HOSPITAL,-79.52,Health
2025-07-07,WALGREENS store #122,-170.57,Health
2025-10-21,LEASING OFFICE store #901,-1632.7,Rent
2025-08-07,BEST BUY,-139.48,Shopping
2025-05-07,NINTENDO,-157.33,Entertainment
2025-05-16,CITY ELECTRIC,-196.55,Utilities
2025-12-28,UBER EATS,-161.19,Dining
2025-09-27,VERIZON store #346,-7.71,Utilities
2025-10-25,QUEST DIAGNOSTICS,-192.55,Health
2025-11-17,WHOLE FOODS,-123.22,Groceries
2026-01-29,STEAM,-195.86,Entertainment
2025-02-25,REFUND store #376,3851.01,Income
2025-03-03,POS PURCHASE LEASING OFFICE store #788,-1164.21,Rent
2025-08-28,POS PURCHASE DISNEY+ store #442,-70.72,Entertainment
2025-09-03,WEGMANS,-48.96,Groceries
2025-05-28,MCDONALDS store #252,-6.96,Dining
2025-10-30,PLAYSTATION,-59.24,Entertainment
2025-11-17,ZARA,-10.09,Shopping
2025-05-25,ALDI,-168.11,Groceries
2025-08-23,ALDI,-134.58,Groceries
2026-01-21,PAYROLL,2479.4,Income
2025-08-06,POS PURCHASE WEGMANS,-190.06,Groceries
2025-03-24,EXXON,-138.74,Transport
2025-03-27,MCDONALDS store #113,-74.67,Dining
2025-12-15,POS PURCHASE LYFT store #115,-157.32,Transport
2025-10-02,KROGER,-99.39,Groceries
2025-07-13,POS PURCHASE MORTGAGE,-1076.72,Rent
2025-10-09,MORTGAGE,-1197.83,Rent
2025-07-16,DISNEY+,-14.86,Entertainment
2025-04-19,WALMART store #296,-160.85,Groceries
2025-12-25,SALARY,4300.77,Income
2025-07-18,ZARA,-64.3,Shopping
2026-01-25,MORTGAGE store #510,-1327.77,Rent
2025-10-09,NIKE store #681,-175.54,Shopping
2025-12-19,CVS,-70.08,Health
2025-04-04,POS PURCHASE SOUTHWEST,-152.11,Transport
2025-02-18,LEASING OFFICE,-1307.7,Rent
2025-11-14,CHIPOTLE,-121.48,Dining
2025-06-24,TARGET,-51.52,Shopping
2025-02-18,LYFT,-118.44,Transport
2025-06-03,POS PURCHASE CVS store #377,-86.43,Health
2025-04-13,POS PURCHASE CVS,-181.66,Health
2025-05-20,PAYROLL,3382.48,Income
2025-09-21,COMCAST store #549,-142.04,Utilities
2025-11-10,PAYROLL store #594,4822.3,Income
2025-05-07,MCDONALDS store #859,-187.92,Dining
2025-11-13,APPLE,-157.55,Shopping
2025-11-20,TARGET,-173.93,Shopping
2025-11-02,MORTGAGE,-1133.77,Rent
2026-02-06,STEAM,-106.25,Entertainment
2025-12-03,NETFLIX,-132.87,Entertainment
2025-03-16,WALGREENS,-158.55,Health
2025-10-20,WATER DEPT,-185.95,Utilities
2026-01-25,HOSPITAL store #569,-19.88,Health
2025-04-28,MORTGAGE,-1126.91,Rent
2025-07-11,H&M,-171.22,Shopping
2025-06-01,NINTENDO,-121.48,Entertainment
2025-11-17,BEST BUY store #351,-100.62,Shopping
2025-04-06,WHOLE FOODS,-18.16,Groceries
2025-05-09,DIRECT DEPOSIT,4325.75,Income
2025-05-04,SUBWAY,-133.56,Dining
2025-07-31,WATER DEPT,-14.17,Utilities
2025-02-20,HOSPITAL store #687,-119.26,Health
2025-04-11,POS PURCHASE MTA,-149.06,Transport
2025-10-15,HOSPITAL,-95.36,Health
2025-12-11,SALARY,2293.38,Income
2025-03-20,UNIQLO store #775,-7.34,Shopping
2025-10-19,VERIZON store #776,-31.27,Utilities
2025-09-19,H&M,-112.11,Shopping
2025-05-18,TARGET store #598,-20.6,Shopping
2025-12-29,APARTMENT RENT,-1191.13,Rent
2025-02-28,SPOTIFY store #727,-175.91,Entertainment
2025-12-15,SALARY store #188,3637.37,Income
2025-05-04,WALGREENS store #309,-177.4,Health
2025-03-21,DENTIST,-88.84,Health
2025-10-28,CHIPOTLE,-120.97,Dining
2025-02-12,BEST BUY,-101.85,Shopping
2025-10-09,SHELL,-9.84,Transport
2026-01-02,MORTGAGE,-1208.87,Rent
2025-02-09,TARGET,-16.47,Shopping
2025-06-03,DUKE ENERGY,-109.54,Utilities
2025-09-18,NIKE store #850,-149.99,Shopping
2025-12-16,POS PURCHASE BURGER KING,-9.43,Dining
2025-09-01,DIVIDEND,3423.34,Income
2025-08-10,APPLE store #882,-38.44,Shopping
2025-08-21,DUKE ENERGY,-31.41,Utilities
2025-11-17,HULU store #840,-197.96,Entertainment
2025-09-20,STARBUCKS,-37.86,Dining
2025-11-19,WATER DEPT,-178.26,Utilities
2025-04-28,CITY ELECTRIC,-96.1,Utilities
2025-09-06,SHELL,-165.38,Transport
2025-05-22,REFUND store #449,2826.95,Income
2025-04-01,NINTENDO,-6.33,Entertainment
2025-06-15,PUBLIX store #398,-124.68,Groceries
2025-12-16,BEST BUY,-66.78,Shopping
2025-10-29,WEGMANS,-197.55,Groceries
2025-08-09,CITY ELECTRIC,-106.05,Utilities
2026-02-08,SAFEWAY store #768,-74.76,Groceries
2025-03-02,PAYROLL store #969,2244.57,Income
2025-11-07,CHEVRON,-85.21,Transport
2025-12-28,QUEST DIAGNOSTICS,-19.17,Health
2025-11-23,CHIPOTLE,-88.51,Dining
2025-09-30,BURGER KING,-138.65,Dining
2025-10-20,NETFLIX,-45.64,Entertainment
2025-11-03,VERIZON,-11.58,Utilities
2025-10-20,BP store #654,-195.71,Transport
2025-10-19,POS PURCHASE PAYROLL,4435.59,Income
2025-11-03,POS PURCHASE MTA,-91.22,Transport
2025-03-20,TARGET,-57.08,Shopping
2025-09-29,NIKE store #727,-117.99,Shopping
2025-08-02,WALGREENS,-141.32,Health
2025-12-31,DUKE ENERGY,-150.63,Utilities
2025-09-19,MORTGAGE,-1281.02,Rent
2025-12-16,AMTRAK,-83.2,Transport
2026-02-04,DIVIDEND,4628.65,Income
2025-05-14,DOMINOS store #823,-156.89,Dining
2025-07-15,DOORDASH,-134.42,Dining
2025-12-15,DUKE ENERGY store #152,-10.77,Utilities
2025-07-05,PLAYSTATION,-152.7,Entertainment
2025-06-28,CINEMA,-112.88,Entertainment
2025-02-27,LEASING OFFICE,-1192.61,Rent
2025-12-31,POS PURCHASE AMAZON,-165.93,Shopping
2025-12-16,CHIPOTLE,-25.75,Dining
2026-01-16,COMCAST store #605,-134.65,Utilities
2025-05-06,SUBWAY,-38.97,Dining
2025-12-09,DIRECT DEPOSIT,3827.15,Income
2025-02-11,MCDONALDS,-30.38,Dining
2025-12-27,CHIPOTLE,-167.19,Dining
2025-09-28,POS PURCHASE LEASING OFFICE store #105,-1097.43,Rent
2025-09-20,HOSPITAL,-169.21,Health
2026-01-29,TACO BELL store #770,-94.05,Dining
2025-02-26,POS PURCHASE WATER DEPT,-187.76,Utilities
2025-05-29,UNIQLO store #666,-95.62,Shopping
2025-10-29,NINTENDO,-63.94,Entertainment
2025-12-01,WEGMANS,-68.25,Groceries
2025-02-26,DISNEY+,-118.86,Entertainment
2025-04-07,DUNKIN,-78.4,Dining
2025-07-06,APPLE store #179,-172.78,Shopping
2025-06-08,HOSPITAL,-76.2,Health
2025-11-26,AT&T,-152.23,Utilities
2025-02-25,AMTRAK,-103.64,Transport
2025-12-07,TACO BELL store #820,-194.86,Dining
2025-12-04,SUBWAY store #357,-163.42,Dining
2025-08-16,KROGER,-110.26,Groceries
2026-01-19,VERIZON,-195.28,Utilities
2025-07-31,APARTMENT RENT,-1075.77,Rent
2026-01-13,WEGMANS,-115.75,Groceries
2025-04-01,DOORDASH store #983,-84.7,Dining
2025-09-16,SUBWAY store #261,-158.37,Dining
2025-09-25,PUBLIX,-147.47,Groceries
2025-07-03,TARGET store #738,-149.81,Shopping
2025-11-18,POS PURCHASE SOUTHWEST,-164.59,Transport
2025-12-29,POS PURCHASE UBER EATS,-92.84,Dining
2026-02-03,SPOTIFY,-57.84,Entertainment
2025-02-17,TACO BELL store #701,-60.79,Dining
2025-08-28,SALARY,2207.8,Income
2025-09-22,WATER DEPT,-144.44,Utilities
2025-12-28,HOSPITAL,-24.1,Health
2025-10-13,DISNEY+,-125.85,Entertainment
2025-05-27,LEASING OFFICE,-1964.45,Rent
2025-07-24,SALARY,4154.11,Income
2025-12-24,DUNKIN,-54.72,Dining
2025-12-08,LYFT store #627,-58.94,Transport
2025-12-27,KROGER store #137,-103.1,Groceries
2025-08-12,DELTA store #997,-42.78,Transport
2025-10-11,ZARA,-19.17,Shopping
2025-03-02,AT&T,-165.78,Utilities
2025-02-25,AMAZON store #948,-53.44,Shopping
2025-11-14,HOSPITAL,-83.05,Health
2025-02-25,MTA,-101.1,Transport
2025-11-16,CHIPOTLE,-192.91,Dining
2025-06-20,UBER,-114.15,Transport
2025-08-09,POS PURCHASE AMAZON store #403,-129.25,Shopping
2025-10-25,AT&T,-96.18,Utilities
2025-03-29,CINEMA store #585,-93.5,Entertainment
2025-04-27,LYFT,-94.23,Transport
2025-02-27,POS PURCHASE DENTIST store #835,-160.54,Health
2025-12-17,TARGET,-125.51,Shopping
2025-10-14,DIRECT DEPOSIT store #771,2567.37,Income
2025-05-19,HULU,-15.8,Entertainment
2025-11-19,POS PURCHASE STARBUCKS,-102.04,Dining
2025-12-22,COMCAST,-84.37,Utilities
2025-04-13,TRADER JOE'S store #888,-152.29,Groceries
2025-06-10,WHOLE FOODS,-142.95,Groceries
2025-06-26,CHEVRON,-145.01,Transport
2026-01-21,DOCTOR store #184,-94.7,Health
2025-06-30,POS PURCHASE COMCAST store #480,-66.09,Utilities
2025-12-05,POS PURCHASE BP,-155.87,Transport
2025-07-05,AT&T,-20.21,Utilities
2025-03-11,LEASING OFFICE,-1948.41,Rent
2025-02-15,CITY ELECTRIC,-26.28,Utilities
2025-05-23,H&M store #860,-90.48,Shopping
2025-08-23,SALARY,4423.9,Income
2025-12-08,MORTGAGE,-1884.12,Rent
2025-06-04,REFUND,4421.85,Income
2025-12-02,SOUTHWEST store #828,-177.4,Transport
2025-05-18,POS PURCHASE STARBUCKS,-101.44,Dining
2025-06-02,TRADER JOE'S,-59.08,Groceries
2025-12-08,DOMINOS,-183.38,Dining
2025-04-30,LEASING OFFICE,-1284.33,Rent
2025-09-17,DUNKIN,-36.96,Dining
2025-07-13,DOCTOR store #119,-177.56,Health
2025-06-18,POS PURCHASE DUKE ENERGY store #436,-191.13,Utilities
2025-11-08,WALMART,-152.98,Groceries
2025-05-02,CITY ELECTRIC,-141.52,Utilities
2025-03-08,UBER EATS,-155.03,Dining
2025-02-25,MORTGAGE store #700,-1501.8,Rent
2026-01-07,ZARA,-92.86,Shopping
2026-01-29,TRADER JOE'S,-169.7,Groceries
2025-07-12,TACO BELL store #925,-165.23,Dining
2025-08-13,APARTMENT RENT,-1144.93,Rent
2025-02-21,MTA,-92.21,Transport
2026-02-08,AT&T store #577,-193.15,Utilities
2025-10-12,WATER DEPT store #181,-28.17,Utilities
2025-09-25,BP,-118.44,Transport
2025-04-14,POS PURCHASE WALGREENS store #951,-39.68,Health
2025-12-24,APARTMENT RENT,-1338.43,Rent
2025-08-31,POS PURCHASE DUKE ENERGY,-182.76,Utilities
2025-08-24,DIVIDEND,3461.99,Income
2025-05-04,QUEST DIAGNOSTICS,-64.75,Health
2025-05-07,WEGMANS store #443,-193.97,Groceries
2025-10-29,BURGER KING,-102.38,Dining
2025-06-02,ZARA store #972,-139.53,Shopping
2025-09-03,UNIQLO,-57.48,Shopping
2025-03-31,KROGER,-30.97,Groceries
2025-03-16,MORTGAGE,-1263.66,Rent
2025-06-08,DIRECT DEPOSIT,3321.57,Income
2025-11-21,LEASING OFFICE store #570,-1963.92,Rent
2025-02-21,VERIZON,-22.63,Utilities
2025-11-01,ALDI,-47.81,Groceries
2025-12-01,CVS,-25.49,Health
2025-08-21,POS PURCHASE DOORDASH,-104.2,Dining
2025-04-03,LEASING OFFICE,-1739.21,Rent
2025-04-29,ZARA,-128.62,Shopping
2026-01-15,HULU,-50.68,Entertainment
2025-09-11,WEGMANS,-141.04,Groceries
2025-07-08,DELTA,-46.88,Transport
2025-06-27,KROGER,-40.68,Groceries
2025-07-28,ALDI,-52.6,Groceries
2025-04-08,APARTMENT RENT,-1745.0,Rent
2025-09-11,POS PURCHASE STEAM,-9.56,Entertainment
2025-04-14,POS PURCHASE REFUND,2863.19,Income
2025-07-23,CITY ELECTRIC,-154.59,Utilities
2026-01-13,LYFT store #351,-89.9,Transport
2025-05-29,DUKE ENERGY store #704,-123.7,Utilities
2025-08-05,WEGMANS,-144.99,Groceries
2025-03-03,LEASING OFFICE,-1899.23,Rent
2025-05-25,POS PURCHASE LEASING OFFICE,-1175.59,Rent
2026-01-05,BP,-25.23,Transport
2025-05-14,DOORDASH,-112.1,Dining
2025-04-02,DIRECT DEPOSIT,4232.43,Income
2026-01-30,CHIPOTLE,-181.76,Dining
2025-09-26,DUNKIN,-12.83,Dining
2025-09-29,PLAYSTATION,-56.56,Entertainment
2025-08-05,SHELL,-133.15,Transport
2025-03-20,CHIPOTLE store #822,-76.56,Dining
2025-08-08,DISNEY+ store #459,-190.79,Entertainment
2025-04-20,POS PURCHASE LEASING OFFICE,-1893.04,Rent
2025-09-20,DOORDASH store #558,-190.13,Dining
2025-07-04,LEASING OFFICE store #256,-1139.42,Rent
2025-02-13,SALARY,3173.53,Income
2025-11-04,COMCAST store #393,-196.7,Utilities
2025-03-22,POS PURCHASE SPOTIFY store #707,-177.27,Entertainment
2025-04-12,POS PURCHASE APPLE store #765,-74.91,Shopping
2025-10-07,CINEMA,-198.32,Entertainment
2025-05-03,CVS,-107.67,Health
2025-07-09,TACO BELL store #864,-112.19,Dining
2025-09-14,REFUND,2369.58,Income
2025-10-13,POS PURCHASE WEGMANS store #791,-16.03,Groceries
2025-07-21,POS PURCHASE BP,-108.84,Transport
2026-01-03,SALARY,4751.45,Income
2025-07-27,NETFLIX,-33.21,Entertainment
2025-05-27,APARTMENT RENT,-1556.99,Rent
2025-04-05,WATER DEPT,-65.82,Utilities
2025-09-13,HOSPITAL,-170.12,Health
2025-03-15,SOUTHWEST,-132.12,Transport
2025-02-25,STEAM store #471,-150.75,Entertainment
2025-08-04,DELTA store #608,-48.07,Transport
2025-06-27,WEGMANS,-185.27,Groceries
2025-10-25,KROGER,-94.85,Groceries
2025-07-04,WALGREENS,-35.88,Health
2025-03-29,DUNKIN,-43.38,Dining
2025-11-16,POS PURCHASE NIKE store #232,-87.79,Shopping
2026-01-15,HOSPITAL store #623,-189.6,Health
2025-11-27,SPOTIFY,-159.24,Entertainment
2026-02-03,AMAZON,-179.15,Shopping
2025-02-17,MTA,-128.51,Transport
2025-05-03,APARTMENT RENT,-1128.84,Rent
2025-11-23,WATER DEPT,-197.27,Utilities
2025-05-25,SALARY store #184,4430.9,Income
2025-03-20,KROGER,-39.63,Groceries
2025-06-14,DIVIDEND store #523,2567.67,Income
2025-06-04,MTA,-194.7,Transport
2025-05-27,POS PURCHASE DISNEY+,-8.19,Entertainment
2025-09-14,KROGER store #284,-100.14,Groceries
2025-05-16,REFUND,2705.09,Income
2025-06-04,AMAZON,-152.71,Shopping
2025-06-19,WALGREENS,-43.02,Health
2025-06-01,POS PURCHASE DENTIST,-75.5,Health
2025-11-29,VERIZON,-101.06,Utilities
2025-02-09,BEST BUY,-188.23,Shopping
2025-07-06,NETFLIX,-170.83,Entertainment
2025-05-19,NIKE,-138.13,Shopping
2025-08-14,POS PURCHASE PAYROLL,2200.06,Income
2025-10-24,SUBWAY,-127.67,Dining
2025-06-14,SOUTHWEST store #297,-69.34,Transport
2025-03-02,TACO BELL,-140.41,Dining
2025-07-02,APPLE store #142,-32.86,Shopping
2026-01-05,UNIQLO,-155.6,Shopping
2025-11-25,PAYROLL,2826.41,Income
2025-12-05,BP,-66.16,Transport
2025-03-06,EXXON,-34.62,Transport
2026-02-01,PUBLIX store #394,-144.43,Groceries
2025-11-29,BURGER KING store #394,-96.3,Dining
2025-03-11,CVS,-116.16,Health
2025-04-27,POS PURCHASE SUBWAY,-180.35,Dining
2025-10-10,POS PURCHASE WATER DEPT,-115.26,Utilities
2026-01-10,DOCTOR,-166.47,Health
2025-05-09,DOORDASH,-16.63,Dining
2025-07-26,NINTENDO store #142,-121.67,Entertainment
2025-06-30,CINEMA,-84.18,Entertainment
2025-03-17,H&M store #288,-190.56,Shopping
2025-08-26,ALDI,-19.11,Groceries
2025-10-22,DOORDASH,-151.99,Dining
2025-03-07,KROGER,-193.94,Groceries
2025-08-21,ZARA store #500,-26.45,Shopping
2025-07-17,STEAM,-155.28,Entertainment
2025-04-29,UBER EATS,-156.67,Dining
2025-09-08,APARTMENT RENT store #263,-1615.78,Rent
2025-11-07,NINTENDO store #620,-174.96,Entertainment
2025-12-04,HULU,-157.64,Entertainment
2025-12-19,PAYROLL,3855.65,Income
2025-10-20,REFUND store #822,2193.71,Income
2025-04-19,MORTGAGE,-1264.7,Rent
2025-12-01,WALGREENS,-116.42,Health
2025-11-12,BURGER KING,-173.85,Dining
2025-10-11,COMCAST store #239,-38.46,Utilities
2025-09-18,TARGET store #444,-68.56,Shopping
2026-01-10,BEST BUY,-190.61,Shopping
2025-03-29,TARGET store #869,-191.62,Shopping
2025-03-17,NETFLIX,-76.1,Entertainment
2025-08-09,WALGREENS,-85.07,Health
2025-03-13,DOCTOR store #602,-151.78,Health
2025-08-24,COMCAST,-105.83,Utilities
2026-01-11,WATER DEPT,-76.41,Utilities
2025-09-27,CINEMA,-108.22,Entertainment
2025-07-01,POS PURCHASE PAYROLL store #883,4396.63,Income
2025-12-29,CVS store #850,-108.71,Health
2025-11-06,STEAM,-131.94,Entertainment
2025-09-17,CINEMA,-163.33,Entertainment
2025-07-25,BURGER KING,-38.11,Dining
2025-07-14,DOCTOR store #473,-119.14,Health
2025-09-07,CITY ELECTRIC store #762,-76.96,Utilities
2025-06-21,DUNKIN,-123.44,Dining
2025-06-18,MORTGAGE store #738,-1827.64,Rent
2025-07-29,APARTMENT RENT,-1934.63,Rent
2025-03-23,NINTENDO,-120.29,Entertainment
2025-10-03,QUEST DIAGNOSTICS store #543,-134.28,Health
2025-08-06,DUKE ENERGY,-35.5,Utilities
2025-09-07,REFUND,2282.82,Income
2025-03-21,LEASING OFFICE,-1770.36,Rent
2025-07-11,POS PURCHASE CVS store #901,-45.34,Health
2025-08-05,AT&T,-49.15,Utilities
2025-09-13,STEAM,-54.63,Entertainment
2025-09-01,APARTMENT RENT,-1011.51,Rent
2025-03-13,POS PURCHASE MTA store #714,-32.61,Transport
2025-02-19,KROGER,-94.32,Groceries
2025-11-02,MORTGAGE,-1699.53,Rent
2025-04-16,UNIQLO,-21.61,Shopping
2025-04-01,DIVIDEND store #299,4534.06,Income
2025-08-20,ZARA store #505,-15.95,Shopping
2025-06-15,WALGREENS,-20.47,Health
2025-12-21,PAYROLL,2921.99,Income
2025-10-04,DIRECT DEPOSIT,2147.61,Income
2025-11-28,BEST BUY store #777,-123.51,Shopping
2025-07-10,CITY ELECTRIC,-175.2,Utilities
2025-07-25,LEASING OFFICE store #148,-1077.14,Rent
2025-03-21,APARTMENT RENT store #869,-1254.73,Rent
2025-02-19,HULU,-191.36,Entertainment
2026-01-02,UBER store #191,-171.65,Transport
2025-03-29,DUKE ENERGY store #502,-63.23,Utilities
2025-10-05,DIVIDEND store #995,3195.2,Income
2025-08-25,TARGET,-153.15,Shopping
2025-07-20,LEASING OFFICE store #108,-1023.69,Rent
2025-11-30,VERIZON,-171.58,Utilities
2025-09-06,VERIZON,-193.0,Utilities
2025-07-06,UNIQLO,-125.53,Shopping
2025-06-01,LEASING OFFICE store #165,-1821.07,Rent
2025-08-16,BP,-75.3,Transport
2025-04-25,H&M,-199.89,Shopping
2026-01-26,STARBUCKS,-92.08,Dining
2025-04-14,MORTGAGE,-1085.81,Rent
2025-03-07,POS PURCHASE HOSPITAL store #603,-73.59,Health
2025-09-19,HULU store #630,-98.15,Entertainment
2025-10-29,QUEST DIAGNOSTICS,-63.58,Health
2025-02-11,DIVIDEND store #382,4743.79,Income
2025-08-15,WALGREENS,-34.48,Health
2025-03-30,AT&T,-179.9,Utilities
2025-06-03,DOCTOR store #273,-46.6,Health
2025-12-15,LEASING OFFICE store #880,-1545.03,Rent
2025-05-23,STARBUCKS,-77.92,Dining
2025-09-03,DOCTOR,-62.22,Health
2025-04-19,DOORDASH,-83.59,Dining
2026-01-07,REFUND,4840.08,Income
2025-05-11,NINTENDO,-145.24,Entertainment
2025-07-08,AMTRAK,-146.05,Transport
2025-12-08,MCDONALDS store #617,-141.1,Dining
2025-04-20,QUEST DIAGNOSTICS,-27.23,Health
2025-05-12,MORTGAGE,-1497.89,Rent
2025-07-20,H&M,-142.16,Shopping
2025-07-07,APARTMENT RENT,-1013.98,Rent
2025-05-05,WALGREENS store #522,-114.56,Health
2025-06-04,POS PURCHASE KROGER store #721,-162.47,Groceries
2025-03-30,DUNKIN store #643,-175.56,Dining
2025-04-22,TACO BELL,-37.77,Dining
2025-09-02,ALDI store #291,-6.1,Groceries
2025-10-15,EXXON,-95.96,Transport
2025-03-17,PUBLIX,-37.04,Groceries
2025-10-05,TARGET,-117.43,Shopping
2025-05-28,UBER store #161,-116.7,Transport
2025-09-01,NIKE store #480,-121.48,Shopping
2025-09-17,PLAYSTATION,-136.56,Entertainment
2025-02-10,MORTGAGE,-1707.78,Rent
2025-03-18,REFUND store #978,4957.1,Income
2025-06-26,WHOLE FOODS,-8.1,Groceries
2025-09-14,POS PURCHASE TARGET,-63.65,Shopping
2026-01-31,SPOTIFY,-187.31,Entertainment
2025-06-12,REFUND,3962.83,Income
2025-03-08,EXXON,-165.64,Transport
2025-03-07,STEAM,-15.03,Entertainment
2025-06-11,QUEST DIAGNOSTICS,-31.49,Health
2026-02-04,LYFT store #326,-198.95,Transport
2026-02-09,APARTMENT RENT,-1637.98,Rent
2025-02-17,BP,-64.08,Transport
2026-01-30,HOSPITAL,-104.31,Health
2025-02-27,SALARY,3506.11,Income
2026-01-05,DIVIDEND,2654.95,Income
2025-09-13,PUBLIX,-72.2,Groceries
2026-01-29,SHELL store #854,-28.85,Transport
2025-07-26,TARGET store #566,-147.32,Shopping
2025-07-16,CVS,-6.75,Health
2025-04-18,NIKE,-122.39,Shopping
2025-07-18,HULU,-19.24,Entertainment
2025-06-11,APARTMENT RENT,-1918.32,Rent
2025-11-21,WALMART,-101.03,Groceries
2025-06-17,NINTENDO,-165.91,Entertainment
2025-07-08,APARTMENT RENT,-1425.31,Rent
2025-10-21,STEAM store #671,-11.91,Entertainment
2025-05-30,COMCAST store #658,-83.48,Utilities
2026-01-20,WATER DEPT,-165.47,Utilities
2025-10-27,COMCAST store #640,-193.06,Utilities
2025-09-01,SALARY store #171,2876.45,Income
2025-12-12,DIVIDEND,4389.57,Income
2025-08-17,BEST BUY,-12.6,Shopping
2026-01-05,H&M store #716,-184.32,Shopping
2025-06-21,SPOTIFY,-42.11,Entertainment
2025-12-26,WALMART,-153.3,Groceries
2025-02-17,HOSPITAL,-133.06,Health
2026-01-06,MORTGAGE store #182,-1619.45,Rent
2025-09-15,SUBWAY,-41.06,Dining
2025-11-16,LYFT,-191.19,Transport
2025-03-11,STEAM,-129.61,Entertainment
2025-06-22,BEST BUY,-146.87,Shopping
2025-08-03,DIVIDEND,4364.29,Income
2025-11-02,DISNEY+ store #424,-39.85,Entertainment
2025-05-10,WEGMANS,-40.63,Groceries
2025-11-19,POS PURCHASE BEST BUY store #968,-148.34,Shopping
2025-09-04,HULU store #775,-145.54,Entertainment
2025-06-15,DIVIDEND,3997.58,Income
2025-07-19,MCDONALDS,-162.52,Dining
2025-07-26,DELTA,-78.52,Transport
2025-07-12,DUKE ENERGY store #374,-95.76,Utilities
2025-10-18,BP,-10.58,Transport
2026-01-11,SOUTHWEST,-111.97,Transport
2025-05-26,STEAM,-166.79,Entertainment
2025-04-01,AT&T,-31.89,Utilities
2025-04-25,AMTRAK store #938,-90.4,Transport
2025-05-16,PAYROLL,2971.69,Income
2025-05-19,LEASING OFFICE,-1943.5,Rent
2025-12-02,SUBWAY,-61.16,Dining
2025-06-09,NIKE,-46.34,Shopping
2025-11-07,UNIQLO store #552,-186.88,Shopping
2025-07-12,PAYROLL,4254.79,Income
2025-09-07,ZARA,-172.34,Shopping
2025-11-29,LEASING OFFICE,-1452.85,Rent
2025-11-27,REFUND,4123.56,Income
2025-04-03,BURGER KING,-38.48,Dining
2025-12-01,SAFEWAY,-68.76,Groceries
2026-01-12,HULU,-25.99,Entertainment
2025-10-17,DIVIDEND,4803.67,Income
2025-11-09,WHOLE FOODS,-159.91,Groceries
2025-02-26,DIVIDEND,3227.48,Income
2025-06-07,WATER DEPT,-122.08,Utilities
2025-10-09,PAYROLL,3808.02,Income
2025-08-29,DOCTOR store #823,-114.9,Health
2025-12-27,BEST BUY,-63.86,Shopping
2025-09-06,POS PURCHASE AT&T store #414,-143.51,Utilities
2025-08-15,CINEMA,-128.77,Entertainment
2025-08-31,POS PURCHASE STEAM store #897,-128.28,Entertainment
2026-01-29,APARTMENT RENT store #528,-1817.25,Rent
2025-04-23,STEAM store #650,-177.36,Entertainment
2025-11-11,HOSPITAL,-184.97,Health
2025-11-04,POS PURCHASE CHIPOTLE,-171.7,Dining
2025-06-13,WALMART store #960,-62.74,Groceries
2025-06-13,DELTA store #575,-48.26,Transport
2025-03-20,TRADER JOE'S,-23.12,Groceries
2025-05-12,UNIQLO store #280,-59.82,Shopping
2025-06-04,PLAYSTATION,-138.94,Entertainment
2025-04-20,NINTENDO,-34.42,Entertainment
2026-01-28,DIRECT DEPOSIT,3506.65,Income
2025-11-23,DOCTOR store #612,-110.15,Health
2025-07-10,POS PURCHASE DISNEY+ store #878,-24.66,Entertainment
2025-06-04,MORTGAGE,-1650.49,Rent
2025-04-23,DENTIST,-30.16,Health
2025-06-26,WATER DEPT,-8.89,Utilities
2025-03-30,WEGMANS,-153.73,Groceries
2025-10-17,MTA,-178.89,Transport
2025-09-12,CVS,-128.51,Health
2025-08-16,PAYROLL,2547.98,Income
2025-09-29,UBER EATS,-64.51,Dining
2025-12-25,WALMART store #286,-76.57,Groceries
2025-08-28,APARTMENT RENT,-1867.8,Rent
2025-08-22,DISNEY+,-70.16,Entertainment
2025-03-22,STEAM,-144.53,Entertainment
2025-11-21,UNIQLO,-188.62,Shopping
2025-03-25,SOUTHWEST,-113.4,Transport
2025-03-12,UBER,-187.83,Transport
2025-06-05,STARBUCKS,-135.45,Dining
2025-12-20,DIRECT DEPOSIT,4312.08,Income
2025-09-14,HULU,-59.75,Entertainment
2025-12-08,APARTMENT RENT,-1458.33,Rent
2025-09-02,DIRECT DEPOSIT,2338.59,Income
2025-08-09,REFUND,2056.07,Income
2026-01-15,CHEVRON,-68.38,Transport
2026-01-25,PAYROLL,4662.84,Income
2025-05-21,VERIZON,-29.16,Utilities
2025-09-04,AT&T store #550,-30.22,Utilities
2025-08-09,APARTMENT RENT,-1190.55,Rent
2025-12-25,HULU store #264,-93.06,Entertainment
2025-12-22,HOSPITAL,-166.87,Health
2026-01-03,UNIQLO store #592,-116.2,Shopping
2025-08-12,SPOTIFY store #448,-188.67,Entertainment
2025-10-17,SAFEWAY,-98.92,Groceries
2025-05-30,VERIZON store #898,-195.56,Utilities
2025-10-24,STEAM,-41.63,Entertainment
2025-08-25,PLAYSTATION,-192.72,Entertainment
2025-03-11,APARTMENT RENT store #215,-1918.59,Rent
2025-08-10,POS PURCHASE DUKE ENERGY,-17.84,Utilities
2025-06-26,DOCTOR,-109.33,Health
2025-10-13,APARTMENT RENT store #144,-1011.56,Rent
2025-10-01,AT&T store #845,-172.15,Utilities
2026-01-15,QUEST DIAGNOSTICS,-67.29,Health
2025-09-22,COMCAST,-24.32,Utilities
2025-12-05,UNIQLO store #767,-27.5,Shopping
2025-07-25,LEASING OFFICE,-1303.02,Rent
2025-11-23,CVS store #424,-166.85,Health
2025-05-09,AT&T,-29.38,Utilities
2025-09-18,UNIQLO store #907,-77.94,Shopping
2025-03-07,STARBUCKS,-133.11,Dining
2025-05-08,SOUTHWEST store #903,-165.19,Transport
2025-02-27,SALARY,3792.19,Income
2025-05-11,DIRECT DEPOSIT,2102.27,Income
2025-04-06,CHIPOTLE,-103.86,Dining
2025-11-03,DUKE ENERGY,-186.48,Utilities
2026-02-04,POS PURCHASE BEST BUY,-14.36,Shopping
2025-09-06,POS PURCHASE CVS,-186.37,Health
2025-08-29,APARTMENT RENT,-1406.55,Rent
2025-12-23,AMTRAK,-196.43,Transport
2025-02-09,SUBWAY,-128.83,Dining
2026-01-26,DELTA store #884,-24.67,Transport
2025-06-11,CVS store #404,-90.66,Health
2025-06-06,STARBUCKS store #922,-45.88,Dining
2025-11-23,DELTA store #163,-139.11,Transport
2025-12-28,TACO BELL,-170.22,Dining
2025-06-08,POS PURCHASE DOCTOR,-184.16,Health
2026-01-15,CVS,-33.43,Health
2025-08-03,KROGER,-130.81,Groceries
2025-08-29,VERIZON,-132.74,Utilities
2025-07-16,COMCAST,-191.03,Utilities
2025-10-17,SOUTHWEST,-155.19,Transport
2025-07-04,LEASING OFFICE,-1805.95,Rent
2025-04-08,NETFLIX,-170.39,Entertainment
2025-11-19,CVS,-199.98,Health
2026-02-08,WHOLE FOODS,-45.69,Groceries
2025-11-24,AT&T,-68.89,Utilities
2026-02-02,MORTGAGE,-1754.06,Rent
2026-01-24,POS PURCHASE VERIZON,-162.34,Utilities
2025-10-08,BEST BUY,-55.59,Shopping
2025-11-15,TRADER JOE'S,-130.74,Groceries
2025-08-06,MTA,-113.91,Transport
2025-09-02,POS PURCHASE SOUTHWEST store #765,-176.51,Transport
2026-01-03,ALDI,-105.25,Groceries
2025-03-10,APARTMENT RENT store #152,-1873.49,Rent
2025-11-26,BEST BUY,-153.9,Shopping
2025-11-16,EXXON store #843,-6.43,Transport
2025-11-26,POS PURCHASE WALGREENS,-78.07,Health
2025-07-07,POS PURCHASE HULU,-79.81,Entertainment
2026-01-12,DUKE ENERGY store #805,-59.14,Utilities
2025-10-18,REFUND store #528,2081.66,Income
2025-06-06,TACO BELL,-141.58,Dining
2025-05-12,STARBUCKS store #885,-141.97,Dining
2025-04-20,VERIZON,-150.89,Utilities
2025-10-15,H&M store #642,-172.24,Shopping
2025-06-03,WALMART,-70.11,Groceries
2025-08-17,NINTENDO store #705,-61.65,Entertainment
2025-10-06,AMAZON store #317,-92.28,Shopping
2025-09-19,ALDI,-158.45,Groceries
2025-10-04,CVS,-175.23,Health
2025-09-21,POS PURCHASE CVS,-82.52,Health
2025-08-20,TACO BELL,-116.14,Dining
2025-03-17,NINTENDO,-150.78,Entertainment
2025-08-22,EXXON,-43.78,Transport
2025-07-18,SALARY store #753,2350.35,Income
2026-01-21,PLAYSTATION,-28.44,Entertainment
2025-06-08,LEASING OFFICE,-1619.0,Rent
2025-06-17,BEST BUY,-97.28,Shopping
2025-10-18,REFUND,3329.5,Income
2025-11-25,WALGREENS store #280,-15.79,Health
2025-05-08,UBER,-188.2,Transport
2025-08-11,APARTMENT RENT store #843,-1472.36,Rent
2025-12-13,DELTA,-38.04,Transport
2025-12-30,POS PURCHASE DUNKIN store #467,-140.29,Dining
2025-06-13,LEASING OFFICE,-1850.93,Rent
2025-08-08,TARGET store #514,-74.04,Shopping
2025-09-22,DUKE ENERGY store #493,-22.74,Utilities
2026-01-08,MCDONALDS,-138.96,Dining
2026-02-05,DELTA,-56.09,Transport
2026-02-02,UNIQLO,-88.37,Shopping
2025-06-11,COMCAST,-176.63,Utilities
2025-03-01,EXXON,-190.53,Transport
2025-04-10,DELTA,-33.77,Transport
2025-08-18,NETFLIX store #200,-62.59,Entertainment
2025-05-22,WALMART,-13.29,Groceries
2025-08-21,DELTA,-69.73,Transport
2025-10-25,MTA store #633,-197.51,Transport
2025-03-31,SALARY,3215.49,Income
2025-04-28,REFUND,3530.77,Income
2025-11-06,POS PURCHASE REFUND,2682.84,Income
2026-01-06,SHELL,-102.77,Transport
2025-09-29,AMAZON,-36.59,Shopping
2025-12-06,H&M,-123.77,Shopping
2025-07-15,SPOTIFY store #697,-120.76,Entertainment
2025-05-26,WALGREENS,-188.65,Health
2025-02-15,HULU,-188.71,Entertainment
2025-11-23,DOMINOS,-160.04,Dining
2026-01-12,WEGMANS,-168.02,Groceries
2025-02-15,CVS store #535,-154.41,Health
2025-07-28,TRADER JOE'S store #769,-135.07,Groceries
2025-03-10,H&M,-20.94,Shopping
2025-07-18,ZARA,-109.82,Shopping
2025-03-04,DOCTOR,-198.79,Health
2026-01-04,MCDONALDS,-108.73,Dining
2025-08-29,QUEST DIAGNOSTICS,-20.94,Health
2025-07-12,DOORDASH,-79.69,Dining
2025-05-18,SAFEWAY,-5.46,Groceries
2025-06-06,LEASING OFFICE,-1538.13,Rent
2025-06-05,HULU,-44.81,Entertainment
2025-11-01,AMTRAK store #193,-121.06,Transport
2025-06-21,LEASING OFFICE,-1381.73,Rent
2026-01-19,POS PURCHASE DIVIDEND,2622.9,Income
2025-02-28,APARTMENT RENT store #638,-1889.67,Rent
2025-07-26,KROGER store #754,-155.28,Groceries
2025-08-02,ZARA store #228,-15.09,Shopping
2025-10-27,HOSPITAL,-39.58,Health
2025-03-21,DIRECT DEPOSIT store #922,3590.47,Income
2025-07-31,MORTGAGE,-1036.35,Rent
2025-03-16,HOSPITAL,-161.24,Health
2025-07-03,COMCAST,-83.21,Utilities
2025-06-19,REFUND,2561.41,Income
2025-05-05,POS PURCHASE MORTGAGE store #215,-1093.44,Rent
2025-04-08,DISNEY+,-167.91,Entertainment
2026-02-09,STEAM,-187.69,Entertainment
2025-04-18,AT&T store #956,-145.04,Utilities
2025-03-12,REFUND,3469.74,Income
2025-09-02,DOMINOS store #791,-84.1,Dining
2026-02-04,CHEVRON,-77.18,Transport
2026-01-28,VERIZON store #114,-58.33,Utilities
2025-05-06,CVS store #952,-180.81,Health
2026-01-20,POS PURCHASE UBER,-110.89,Transport
2025-02-27,AT&T,-179.07,Utilities
2025-05-24,WALMART store #957,-155.78,Groceries
2025-10-16,LEASING OFFICE,-1269.16,Rent
2025-06-09,PLAYSTATION,-173.17,Entertainment
2025-11-20,HOSPITAL store #784,-14.21,Health
2025-04-26,BP,-73.9,Transport
2025-06-15,SOUTHWEST,-103.02,Transport
2025-06-12,LEASING OFFICE,-1363.28,Rent
2025-10-16,WHOLE FOODS store #530,-33.07,Groceries
2025-04-19,AT&T store #701,-171.6,Utilities
2025-06-06,APARTMENT RENT,-1779.34,Rent
2025-04-11,NIKE,-88.58,Shopping
2026-01-16,UNIQLO store #796,-101.98,Shopping
2025-07-24,TRADER JOE'S,-25.29,Groceries
2025-08-29,TARGET store #723,-116.91,Shopping
2025-10-02,SALARY store #925,4347.6,Income
2025-02-21,VERIZON,-172.52,Utilities
2025-03-25,DENTIST store #210,-141.75,Health
2025-07-14,POS PURCHASE APARTMENT RENT,-1031.34,Rent
2025-07-18,POS PURCHASE DOCTOR,-69.47,Health
2025-07-26,POS PURCHASE AMTRAK,-186.06,Transport
2025-08-28,PLAYSTATION store #601,-97.07,Entertainment
2026-01-18,NETFLIX,-122.68,Entertainment
2025-07-01,POS PURCHASE AMAZON,-52.57,Shopping
2025-08-29,QUEST DIAGNOSTICS,-47.42,Health
2025-02-10,UBER EATS,-77.93,Dining
2025-08-20,CHIPOTLE store #495,-65.97,Dining
2025-08-07,NINTENDO,-175.97,Entertainment
2025-05-01,POS PURCHASE MCDONALDS store #781,-134.73,Dining
2026-01-09,WATER DEPT,-183.78,Utilities
2025-12-04,STARBUCKS,-128.62,Dining
2025-02-27,PLAYSTATION,-83.69,Entertainment
2025-08-07,POS PURCHASE QUEST DIAGNOSTICS,-107.06,Health
2025-04-20,COMCAST store #374,-74.63,Utilities
2025-08-28,HOSPITAL store #239,-50.46,Health
2025-10-01,VERIZON,-95.21,Utilities
2025-05-03,NINTENDO,-107.02,Entertainment
2025-03-26,UNIQLO,-117.44,Shopping
2025-10-31,STARBUCKS store #970,-84.17,Dining
2026-01-31,ZARA,-138.21,Shopping
2025-08-06,WATER DEPT,-139.92,Utilities
2025-08-19,POS PURCHASE DIRECT DEPOSIT store #441,3496.58,Income
2025-12-03,VERIZON store #689,-181.33,Utilities
2026-01-10,BEST BUY store #218,-177.07,Shopping
2025-11-28,SALARY,3002.93,Income
2026-02-04,MORTGAGE,-1402.96,Rent
2025-03-20,BEST BUY,-95.32,Shopping
2025-10-11,CHIPOTLE,-47.08,Dining
2025-11-27,TARGET,-145.45,Shopping
2025-05-08,DUNKIN,-195.66,Dining
2025-03-05,APARTMENT RENT,-1711.57,Rent
2025-02-27,DENTIST store #364,-56.14,Health
2025-06-17,WHOLE FOODS,-101.82,Groceries
2025-05-03,PUBLIX store #230,-8.92,Groceries
2025-08-22,SOUTHWEST store #744,-50.56,Transport
2026-01-13,HOSPITAL store #322,-137.22,Health
2025-03-16,APARTMENT RENT,-1337.7,Rent
2025-08-08,TARGET store #138,-26.04,Shopping
2025-03-20,CVS,-81.79,Health
2025-11-24,DUNKIN,-8.49,Dining
2025-03-06,LEASING OFFICE,-1583.61,Rent
2025-10-21,LEASING OFFICE,-1767.82,Rent
2025-12-27,PAYROLL,2560.92,Income
2025-02-16,MTA store #315,-18.91,Transport
2025-12-11,CHEVRON,-66.08,Transport
2025-02-20,DIVIDEND store #153,2713.38,Income
2025-09-15,WATER DEPT store #493,-156.81,Utilities
2025-04-16,ALDI,-148.3,Groceries
2025-10-04,REFUND store #970,2439.23,Income
2025-08-08,MORTGAGE,-1841.32,Rent
2025-08-27,DIVIDEND,4194.18,Income
2025-06-08,APARTMENT RENT store #767,-1790.94,Rent
2026-02-04,HULU,-187.65,Entertainment
2025-09-13,PUBLIX store #663,-140.27,Groceries
2025-09-19,TRADER JOE'S store #557,-76.82,Groceries
2026-01-28,WEGMANS,-196.44,Groceries
2025-06-12,WHOLE FOODS store #987,-112.54,Groceries
2026-02-08,DIRECT DEPOSIT,2428.02,Income
2025-06-25,AMTRAK,-148.47,Transport
2025-09-13,DISNEY+,-122.95,Entertainment
2025-08-28,WHOLE FOODS,-28.68,Groceries
2025-09-01,DIRECT DEPOSIT,3028.27,Income
2025-08-29,H&M,-13.92,Shopping
2025-07-11,CINEMA store #561,-33.51,Entertainment
2025-08-30,DOCTOR store #529,-34.66,Health
2025-09-05,DIVIDEND store #316,2563.74,Income
2025-08-27,CVS store #360,-55.2,Health
2025-08-04,SUBWAY store #574,-176.46,Dining
2025-05-03,POS PURCHASE LEASING OFFICE,-1499.95,Rent
2025-11-15,WHOLE FOODS,-17.13,Groceries
2025-08-08,POS PURCHASE PUBLIX,-85.44,Groceries
2025-04-09,STEAM,-54.56,Entertainment
2025-07-29,POS PURCHASE APARTMENT RENT,-1329.15,Rent
2025-08-08,KROGER,-51.44,Groceries
2026-01-27,HOSPITAL,-127.63,Health
2025-02-11,POS PURCHASE DIVIDEND,3702.07,Income
2025-02-10,WALGREENS,-129.81,Health
2025-03-12,AT&T store #244,-39.5,Utilities
2025-07-01,WALGREENS,-93.34,Health
2025-05-21,DIVIDEND,3570.41,Income
2025-11-16,APARTMENT RENT,-1037.47,Rent
2025-06-02,CINEMA,-52.55,Entertainment
2026-01-18,UBER EATS,-130.44,Dining
2025-05-22,HOSPITAL,-178.78,Health
2025-08-30,WATER DEPT,-27.98,Utilities
2025-12-14,CITY ELECTRIC store #311,-96.42,Utilities
2025-06-07,STEAM store #896,-182.02,Entertainment
2026-01-28,HOSPITAL,-144.6,Health
2025-04-30,POS PURCHASE DIRECT DEPOSIT store #579,3556.24,Income
2026-01-26,REFUND,3853.07,Income
2025-07-25,POS PURCHASE SPOTIFY,-40.26,Entertainment
2025-08-14,PAYROLL,3964.43,Income
2026-01-23,SOUTHWEST store #935,-96.44,Transport
2025-03-13,LEASING OFFICE,-1144.59,Rent
2026-01-24,UBER,-45.39,Transport
2025-05-17,DOCTOR store #875,-77.03,Health
2025-12-20,ALDI store #942,-186.99,Groceries
2025-05-15,DUKE ENERGY,-180.59,Utilities
2025-03-28,ALDI,-72.42,Groceries
2025-04-08,POS PURCHASE BP,-180.53,Transport
2025-12-27,HOSPITAL store #640,-18.89,Health
2025-04-23,POS PURCHASE APPLE,-181.9,Shopping
2025-07-28,NETFLIX store #563,-157.69,Entertainment
2025-09-10,WALGREENS,-83.42,Health
2025-05-16,AMAZON,-107.94,Shopping
2025-07-30,HULU,-58.05,Entertainment
2025-11-10,POS PURCHASE LYFT,-123.5,Transport
2025-09-11,SHELL,-97.07,Transport
2025-07-15,DIVIDEND store #294,3805.77,Income
2025-12-25,PAYROLL,4656.71,Income
2025-10-19,POS PURCHASE WATER DEPT,-151.81,Utilities
2025-12-04,DUNKIN store #796,-111.86,Dining
2025-03-06,LEASING OFFICE,-1939.21,Rent
2025-07-16,SUBWAY,-82.45,Dining
2025-04-09,ZARA,-132.86,Shopping
2025-03-29,DIVIDEND,2691.46,Income
2025-03-13,DIVIDEND,3153.88,Income
2026-02-04,POS PURCHASE SAFEWAY,-151.44,Groceries
2025-08-20,COMCAST,-117.59,Utilities
2025-10-25,APPLE,-89.36,Shopping
2025-04-23,SOUTHWEST,-32.9,Transport
2025-05-10,POS PURCHASE LEASING OFFICE store #402,-1840.91,Rent
2025-05-31,ZARA store #408,-72.26,Shopping
2025-10-23,APARTMENT RENT,-1190.36,Rent
2025-03-14,CINEMA,-164.59,Entertainment
2025-05-03,QUEST DIAGNOSTICS,-14.73,Health
2025-10-17,DIVIDEND store #873,2317.98,Income
2025-12-13,DELTA,-130.24,Transport
2025-03-14,QUEST DIAGNOSTICS,-98.27,Health
2025-08-30,UNIQLO,-120.77,Shopping
2025-10-14,LEASING OFFICE store #952,-1357.0,Rent
2025-06-20,LEASING OFFICE,-1505.02,Rent
2025-12-11,PAYROLL,2399.13,Income
2026-02-08,NINTENDO,-186.28,Entertainment
2025-12-09,SALARY store #593,3249.2,Income
2026-01-11,APARTMENT RENT store #419,-1188.54,Rent
2026-02-02,MORTGAGE store #166,-1594.56,Rent
2025-10-05,LEASING OFFICE,-1319.98,Rent
2025-05-05,AT&T,-25.63,Utilities
2025-09-24,STARBUCKS,-179.21,Dining
2025-10-24,POS PURCHASE APARTMENT RENT store #194,-1454.55,Rent
2025-09-03,DIRECT DEPOSIT,4198.03,Income
2025-06-23,POS PURCHASE DOCTOR,-171.64,Health
2025-04-15,HOSPITAL store #292,-130.33,Health
2025-02-12,ALDI,-132.89,Groceries
2026-01-15,QUEST DIAGNOSTICS store #346,-146.53,Health
2026-02-01,DUNKIN,-141.01,Dining
2025-07-27,BP store #478,-47.76,Transport
2025-03-14,APARTMENT RENT,-1618.68,Rent
2025-05-09,TACO BELL,-35.87,Dining
2025-06-10,POS PURCHASE STEAM,-76.7,Entertainment
2025-07-20,TRADER JOE'S,-60.47,Groceries
2025-04-09,AMAZON,-171.17,Shopping
2025-10-31,POS PURCHASE AT&T,-165.92,Utilities
2025-11-17,POS PURCHASE MTA,-150.09,Transport
2026-02-07,SALARY,4009.46,Income
2025-07-26,DOMINOS store #677,-157.88,Dining
2025-06-03,WALMART,-23.55,Groceries
2026-01-19,NINTENDO store #180,-44.62,Entertainment
2025-09-21,SAFEWAY store #653,-8.82,Groceries
2025-10-03,DIRECT DEPOSIT store #338,3808.75,Income
2025-08-18,DELTA,-5.01,Transport
2025-05-12,DOCTOR store #907,-98.24,Health
2025-12-10,EXXON,-78.0,Transport
2025-10-16,APARTMENT RENT,-1514.39,Rent
2026-01-23,AMTRAK,-154.13,Transport
2026-01-07,STEAM,-86.42,Entertainment
2025-04-21,AT&T,-116.56,Utilities
2025-07-24,REFUND,3995.54,Income
2025-12-11,CHEVRON,-84.8,Transport
2025-08-13,SOUTHWEST,-97.2,Transport
2025-09-24,DELTA,-35.13,Transport
2026-01-23,CITY ELECTRIC,-43.88,Utilities
2025-04-26,APARTMENT RENT,-1541.75,Rent
2025-12-25,ZARA store #112,-59.01,Shopping
2025-06-20,DUKE ENERGY,-161.53,Utilities
2025-05-10,DOCTOR,-84.46,Health
2025-10-10,LEASING OFFICE,-1291.57,Rent
2026-02-04,HULU,-164.31,Entertainment
2026-01-05,SPOTIFY,-124.35,Entertainment
2026-01-24,SALARY store #428,2657.43,Income
2025-04-04,WALMART,-83.67,Groceries
2025-06-29,POS PURCHASE DISNEY+,-184.9,Entertainment
2025-06-08,CVS,-32.09,Health
2025-08-18,DISNEY+,-186.26,Entertainment
2026-01-24,KROGER store #919,-60.7,Groceries
2025-07-14,KROGER,-66.29,Groceries
2025-05-22,POS PURCHASE TACO BELL,-48.87,Dining
2025-09-01,POS PURCHASE CITY ELECTRIC store #558,-48.21,Utilities
2025-02-28,CINEMA,-126.76,Entertainment
2025-05-04,LYFT store #981,-41.59,Transport
2025-06-02,POS PURCHASE QUEST DIAGNOSTICS,-100.32,Health
2025-11-26,VERIZON,-90.06,Utilities
2025-08-20,VERIZON,-83.21,Utilities
2025-09-08,SHELL,-123.5,Transport
2025-09-23,HULU store #856,-181.21,Entertainment
2025-08-13,NINTENDO,-160.76,Entertainment
2025-11-28,WALMART store #745,-70.52,Groceries
2025-11-04,AT&T store #377,-35.95,Utilities
2025-02-11,PLAYSTATION,-118.65,Entertainment
2025-07-28,QUEST DIAGNOSTICS,-45.14,Health
2025-07-18,APARTMENT RENT store #809,-1478.32,Rent
2026-01-19,WHOLE FOODS store #652,-38.48,Groceries
2026-01-18,AMTRAK,-167.81,Transport
2025-09-28,MTA store #394,-45.33,Transport
2025-11-23,LEASING OFFICE,-1608.47,Rent
2025-08-16,POS PURCHASE MORTGAGE,-1519.08,Rent
2025-09-07,DIRECT DEPOSIT,4697.0,Income
2025-11-09,QUEST DIAGNOSTICS,-144.05,Health
2025-08-06,PAYROLL,4866.76,Income
2025-05-02,SHELL,-148.5,Transport
2025-10-03,POS PURCHASE PUBLIX store #626,-115.33,Groceries
2025-08-04,CINEMA,-65.42,Entertainment
2025-08-10,NIKE,-6.88,Shopping
2025-11-21,APARTMENT RENT,-1591.59,Rent
2025-12-26,WATER DEPT,-169.0,Utilities
2025-12-31,BURGER KING,-174.73,Dining
2025-07-30,COMCAST,-12.52,Utilities
2025-08-09,CVS,-162.83,Health
2025-03-13,BP,-95.96,Transport
2025-07-13,SALARY,3871.13,Income
2025-11-08,VERIZON,-154.49,Utilities
2025-06-18,TRADER JOE'S,-83.47,Groceries
2025-12-23,REFUND,2717.19,Income
2026-01-14,TARGET,-36.88,Shopping
2025-04-13,NINTENDO,-27.4,Entertainment
2025-10-26,CVS,-47.58,Health
2025-05-24,BURGER KING store #235,-75.85,Dining
2025-02-16,DIRECT DEPOSIT,2873.46,Income
2025-10-23,DELTA,-6.63,Transport
2025-03-16,LEASING OFFICE store #156,-1996.84,Rent
2025-06-27,SALARY,3492.82,Income
2025-10-03,LYFT,-141.85,Transport
2025-10-27,POS PURCHASE REFUND store #621,2269.61,Income
2025-10-03,UBER store #243,-183.43,Transport
2026-01-08,NINTENDO,-42.62,Entertainment
2025-02-10,COMCAST,-15.56,Utilities
2025-04-30,DENTIST,-94.04,Health
2025-09-09,ALDI,-122.76,Groceries
2025-10-16,DIRECT DEPOSIT,2786.69,Income
2025-08-10,WALGREENS,-131.67,Health
2025-10-15,DIRECT DEPOSIT,2780.78,Income
2025-08-09,SUBWAY,-160.45,Dining
2025-05-24,HOSPITAL store #538,-120.81,Health
2025-10-31,STARBUCKS,-25.4,Dining
2025-11-01,ALDI,-94.78,Groceries
2025-04-07,WATER DEPT store #415,-130.87,Utilities
2025-08-24,MORTGAGE store #491,-1608.17,Rent
2025-03-12,BURGER KING,-82.8,Dining
2025-11-19,LEASING OFFICE store #388,-1216.43,Rent
2025-10-24,EXXON,-187.9,Transport
2025-08-04,POS PURCHASE CINEMA store #254,-180.55,Entertainment
2025-07-30,SAFEWAY store #446,-58.24,Groceries
2025-11-09,COMCAST,-12.42,Utilities
2025-05-27,MORTGAGE,-1442.67,Rent
2025-06-18,APARTMENT RENT store #971,-1989.89,Rent
2025-06-04,DIVIDEND,3903.93,Income
2026-01-03,AMTRAK,-134.97,Transport
2025-05-11,APARTMENT RENT,-1285.57,Rent
2025-04-01,POS PURCHASE STEAM,-95.53,Entertainment
2025-02-17,H&M,-51.68,Shopping
2025-02-19,BURGER KING store #437,-68.78,Dining
2025-05-15,EXXON store #986,-199.21,Transport
2025-12-10,TARGET,-165.0,Shopping
2025-04-20,MCDONALDS,-10.78,Dining
2025-04-28,NETFLIX,-181.54,Entertainment
2025-05-18,POS PURCHASE UBER,-143.46,Transport
2025-05-21,HOSPITAL,-48.1,Health
2025-08-09,LEASING OFFICE,-1531.11,Rent
2025-03-27,DUNKIN store #582,-150.55,Dining
2025-08-25,DUNKIN,-151.41,Dining
